ligne,rating,themes,plies_historique,nb_coups_legaux,coup_reseau,reussi_reseau,p_correct_reseau,rang_correct_reseau,value_reseau,coup_recherche,reussi_recherche,part_visites_correct,duree_s,simulations_recherche,depassement_s,erreur
0,1615,crushing discoveredAttack middlegame short,20,37,f3e5,True,0.3047083817641225,1,0.293823778629303,f3e5,True,0.9671428799629211,12.415333100012504,0,0.0,
10,1709,attraction endgame mate mateIn4 sacrifice veryLong,58,37,g2g7,True,0.9945844034877747,1,0.9620924592018127,g2g7,True,0.9985714554786682,3.6760036000050604,0,0.0,
20,1774,crushing discoveredAttack long middlegame,36,38,d3h7,False,0.03761762514581891,2,0.8931869268417358,a3a4,False,0.009999999776482582,25.397766000009142,0,0.0,
30,1537,crushing endgame fork hangingPiece long,58,27,h4d8,True,0.9895700352432708,1,0.9029605388641357,h4d8,True,0.9985714554786682,4.537997200037353,0,0.0,
40,1595,deflection endgame kingsideAttack long mate mateIn3 sacrifice,49,37,h4h2,False,0.0606249313912793,3,0.8699800372123718,h4f2,True,0.9442856907844543,1.6132474000332877,0,0.0,
50,1645,advantage middlegame pin short,23,39,e5f3,False,0.3163904013423653,2,0.7012446522712708,e5d3,True,0.9114285707473755,7.497486800071783,0,0.0,
60,1635,advantage fork middlegame veryLong,24,21,h3g4,False,0.04211581369309644,2,0.8592572808265686,d1d4,True,0.8999999761581421,5.315268399892375,0,0.0,
70,1673,endgame mate mateIn2 short,65,36,d5a2,True,0.9871243030599267,1,0.9447953701019287,d5a2,True,0.9971428513526917,0.3512435000156984,0,0.0,
80,1464,crushing deflection endgame exposedKing rookEndgame veryLong,125,26,h5g5,True,0.7857124113250686,1,0.9572167992591858,h5g5,True,0.9885714054107666,4.654490499990061,0,0.0,
90,1463,endgame long mate mateIn3 rookEndgame,89,12,b2b1,False,0.012973618207831952,2,0.98216313123703,b2b1,False,0.0014285714132711291,6.155272200005129,0,0.0,
100,1689,crushing endgame fork short,82,25,g6h8,False,0.0020422070031636415,4,0.9937316179275513,g6h8,False,0.0,6.093439599964768,0,0.0,
110,1769,attraction clearance crushing endgame long pin queenRookEndgame,84,24,g8d8,False,0.10446452721171365,2,0.8551350831985474,g6f6,True,0.9471428394317627,9.497420499916188,0,0.0,
120,1592,attackingF2F7 mate mateIn2 middlegame pin short,36,47,e6g6,True,0.3753078493846305,1,0.5830031037330627,c4d3,False,0.11714285612106323,16.263820699998178,0,0.0,
130,1587,advancedPawn advantage endgame hangingPiece knightEndgame promotion veryLong,94,8,c6b6,False,0.055768811390134766,4,0.7936254739761353,f4e5,True,0.9385714530944824,16.21274360001553,0,0.0,
140,1885,clearance crushing exposedKing fork long middlegame,58,49,e6e8,False,0.10604740823134227,2,0.9243866801261902,e6h6,True,0.9671428799629211,10.270475100027397,0,0.0,
150,1817,advantage discoveredAttack middlegame short,53,26,e7a3,True,0.8426378497021512,1,0.9423233270645142,e7a3,True,0.9900000095367432,12.119862299994566,0,0.0,
160,1559,kingsideAttack mate mateIn1 middlegame oneMove,26,44,b1h7,True,0.9970893299661667,1,0.9438281655311584,b1h7,True,0.9985714554786682,0.04497349995654076,0,0.0,
170,1538,attackingF2F7 mate mateIn1 middlegame oneMove,46,42,b3f7,True,0.9898607089567533,1,0.9806957840919495,b3f7,True,0.9985714554786682,0.07129210000857711,0,0.0,
180,1835,endgame mate mateIn1 oneMove,80,33,c7d8,True,0.6774761535139674,1,0.8802611231803894,c7d8,True,0.9785714149475098,0.26289369992446154,0,0.0,
190,1658,attraction endgame mate mateIn2 rookEndgame sacrifice short,51,29,g7g1,True,0.9958443565358673,1,0.9766642451286316,g7g1,True,0.9985714554786682,0.4803671999834478,0,0.0,
200,1798,advantage endgame long pin sacrifice,57,41,e8e2,True,0.8866262821562753,1,0.9551770687103271,e8e2,True,0.9785714149475098,27.68693959992379,0,0.0,
210,1663,mate mateIn1 middlegame oneMove,25,40,d4f3,True,0.8527531479834997,1,0.9392130374908447,d4f3,True,0.9942857027053833,0.7389910001074895,0,0.0,
220,1463,advancedPawn attraction crushing endgame promotion rookEndgame veryLong,87,14,c1g1,False,0.018947350391761646,3,0.9722736477851868,c3c2,True,0.6899999976158142,6.622839899966493,0,0.0,
230,1702,advantage exposedKing long middlegame sacrifice,52,4,f1f3,True,0.9915908705263671,1,0.832027018070221,f1f3,True,1.0,4.767537600011565,0,0.0,
240,1811,attraction crushing fork long master middlegame sacrifice,41,38,h5e2,True,0.46664482329261203,1,0.9679014682769775,h5e2,True,0.9671428799629211,4.96777780004777,0,0.0,
250,1482,advantage fork long middlegame pin,61,40,h4g3,True,0.9795135578757196,1,0.9752649068832397,h4g3,True,0.9985714554786682,6.012957199942321,0,0.0,
260,1793,attraction kingsideAttack mate mateIn2 middlegame sacrifice short,40,36,h1h7,True,0.914591554306153,1,0.9914035201072693,h1h7,True,0.9957143068313599,0.21827389998361468,0,0.0,
270,1488,endgame mate mateIn2 pillsburysMate sacrifice short xRayAttack,64,36,h8g8,False,0.031117932032499834,4,0.9732288718223572,a4e8,True,0.845714271068573,1.4510560999624431,0,0.0,
280,1731,crushing discoveredAttack kingsideAttack opening short,19,38,d4e2,False,0.31584647484473427,2,0.644323468208313,d4f3,True,0.9571428298950195,6.882974300067872,0,0.0,
290,1510,discoveredAttack discoveredCheck kingsideAttack mate mateIn2 middlegame short,35,7,h3f5,True,0.9972458194624133,1,0.984921395778656,h3f5,True,0.9985714554786682,0.14375409996137023,0,0.0,
300,1720,advantage deflection endgame exposedKing long,105,22,g5e4,False,0.07255196661485591,2,0.8840474486351013,d1c1,True,0.9100000262260437,5.2418359000002965,0,0.0,
310,1550,capturingDefender crushing long middlegame,29,45,c6d4,True,0.7591704291206507,1,0.6410902142524719,c6d4,True,0.9885714054107666,5.784047699999064,0,0.0,
320,1591,crushing fork middlegame short,30,42,d6e5,True,0.776829577988489,1,0.8700239658355713,d6e5,True,0.9871428608894348,7.021259999950416,0,0.0,
330,1518,crushing endgame exposedKing fork long,103,23,e2f1,True,0.4559253573516402,1,0.9799563884735107,e2f1,True,0.9714285731315613,16.387707800022326,0,0.0,
340,1692,crushing long master middlegame sacrifice,76,33,a5a7,False,0.31004703391335975,2,0.8853238821029663,f7e6,True,0.9685714244842529,16.00228260003496,0,0.0,
350,1629,crushing endgame fork master short,87,25,e7e2,False,0.10386039265904189,3,0.983725368976593,f4h3,True,0.9557142853736877,4.99222480005119,0,0.0,
360,1727,crushing deflection endgame long rookEndgame,77,14,h5h6,True,0.9637958511475732,1,0.7166396975517273,h5h6,True,0.9971428513526917,4.808439500047825,0,0.0,
370,1533,kingsideAttack mate mateIn1 middlegame oneMove,46,49,c7g7,True,0.9757553172614202,1,0.9177821278572083,c7g7,True,0.9971428513526917,0.11791899998206645,0,0.0,
380,1580,advantage long middlegame pin,56,48,d5h5,True,0.9375632309879048,1,0.9176427721977234,d5h5,True,0.9971428513526917,2.2605646000010893,0,0.0,
390,1504,attraction crushing deflection endgame fork long sacrifice,84,24,g5e6,False,0.027466982554099763,3,0.9500203132629395,c8f8,True,0.7128571271896362,7.325140399974771,0,0.0,
400,1886,attackingF2F7 crushing deflection fork middlegame veryLong,30,46,d5f7,False,0.17670306268095026,3,0.9250702857971191,g5f7,True,0.9014285802841187,6.016988200019114,0,0.0,
410,1536,kingsideAttack master mate mateIn2 middlegame operaMate sacrifice short,53,46,b7g2,False,0.3215127130482774,2,0.5398895144462585,h5h1,True,0.9757142663002014,0.34432319994084537,0,0.0,
420,1724,advantage long opening sacrifice,22,24,d2b4,True,0.9865179308705574,1,0.402441143989563,d2b4,True,0.9985714554786682,7.5337259999942034,0,0.0,
430,1485,kingsideAttack mate mateIn2 middlegame operaMate sacrifice short,43,49,b8g3,True,0.9022669729013346,1,0.9408058524131775,b8g3,True,0.9957143068313599,0.26721129997167736,0,0.0,
440,1607,kingsideAttack mate mateIn1 oneMove opening,32,48,f1f8,True,0.9798590486462586,1,0.9821959733963013,f1f8,True,0.9985714554786682,0.07457589998375624,0,0.0,
450,1510,mate mateIn1 middlegame oneMove operaMate,29,41,g2f2,True,0.6770774073023944,1,0.964576005935669,g2f2,True,0.977142870426178,0.4402219000039622,0,0.0,
460,1453,balestraMate endgame mate mateIn2 short,87,39,e4h1,False,0.19812946373145252,2,0.8147273063659668,e4f3,True,0.9642857313156128,0.5003865000326186,0,0.0,
470,1882,crushing discoveredAttack long middlegame,39,43,d7f6,False,0.0032533236047710204,7,0.7066027522087097,d7f6,False,0.0,7.880547200096771,0,0.0,
480,1603,endgame master mate mateIn2 short,104,26,f6h4,False,0.09363625386665395,3,0.9023798704147339,f6h8,True,0.9514285922050476,0.9177327000070363,0,0.0,
490,1617,mate mateIn2 middlegame short,63,32,h5h2,False,0.0016920283884289302,4,0.978302538394928,h5h2,False,0.0,12.210878000012599,0,0.0,
500,1707,advantage middlegame pin short,61,43,g7c3,False,8.97869330591097e-05,33,0.9583548307418823,g7c3,False,0.0,22.609237600001507,0,0.0,
510,1715,crushing middlegame pin short,52,33,g1h1,False,0.029098792297684525,3,0.688031017780304,f1f7,True,0.845714271068573,12.545089700026438,0,0.0,
520,1483,bishopEndgame crushing discoveredAttack endgame short,104,6,g4g5,True,0.8493834422312173,1,0.442055344581604,g4g5,True,0.9957143068313599,4.8017882000422105,0,0.0,
530,1534,advancedPawn deflection discoveredAttack discoveredCheck endgame mate mateIn2 promotion short,70,17,c6c7,True,0.9359158076153623,1,0.6715322136878967,c6c7,True,0.9971428513526917,0.1575918000889942,0,0.0,
540,1620,advantage fork master middlegame short,32,35,d2d5,True,0.97883551511639,1,0.4142790734767914,d2d5,True,0.9985714554786682,7.216536400024779,0,0.0,
550,1816,advantage fork long opening,15,43,a6b5,True,0.8584736079335795,1,0.6510614156723022,a6b5,True,0.9871428608894348,5.43176459998358,0,0.0,
560,1638,kingsideAttack long mate mateIn3 middlegame,37,35,e3e2,False,0.14072783042170822,4,0.9245486259460449,f8f2,True,0.9599999785423279,0.7081889999099076,0,0.0,
570,1657,endgame mate mateIn1 oneMove,136,27,a2a1,True,0.9688231457322424,1,8.946656453190371e-05,a2a1,True,0.9971428513526917,0.09233249991666526,0,0.0,
580,1465,endgame mate mateIn2 short,76,30,d1d8,True,0.6683555967726988,1,0.9839081168174744,d1d8,True,0.9814285635948181,0.37337629997637123,0,0.0,
590,1495,advantage fork long middlegame,46,37,f3f4,True,0.9809750140279987,1,0.7506654262542725,f3f4,True,0.9985714554786682,9.215129900025204,0,0.0,
600,1813,crushing endgame fork master short,75,32,b2d4,True,0.8377146778259271,1,0.9678112268447876,b2d4,True,0.9728571176528931,6.450026000034995,0,0.0,
610,1727,attraction endgame mate mateIn2 sacrifice short,77,27,f3g3,False,0.43968307059506695,2,0.9983059167861938,f3f1,True,0.9800000190734863,0.5716083999723196,0,0.0,
620,1780,advantage attraction middlegame queensideAttack short,25,52,g7b2,True,0.9515186000630724,1,0.8970129489898682,g7b2,True,0.9957143068313599,4.727946699946187,0,0.0,
630,1497,advantage endgame hangingPiece pin short,44,32,g6e6,True,0.9046674720488835,1,0.9713000655174255,g6e6,True,0.9828571677207947,7.968078100006096,0,0.0,
640,1608,advantage attraction middlegame sacrifice short,42,42,c7e7,True,0.8340123442590915,1,0.6415337324142456,c7e7,True,0.9728571176528931,20.507843499886803,0,0.0,
650,1685,crushing long middlegame pin,44,41,g5f6,True,0.6237749543970543,1,0.9525244235992432,g5f6,True,0.9814285635948181,7.089460900053382,0,0.0,
660,1469,master mate mateIn1 middlegame oneMove,40,42,e6c7,False,0.12003494512448044,2,0.9723754525184631,e6g7,True,0.9514285922050476,2.2927235000533983,0,0.0,
670,1749,crushing endgame long skewer,67,35,h8h1,False,0.1481901340973119,2,0.9812123775482178,b5d3,True,0.9057142734527588,8.562399900052696,0,0.0,
680,1736,advantage clearance long middlegame trappedPiece,46,46,g1g6,False,0.015652967250629594,6,0.7970744967460632,g1h1,True,0.5742856860160828,8.089542100089602,0,0.0,
690,1532,backRankMate long mate mateIn3 middlegame,32,41,a4b4,True,0.755812898421336,1,0.9139270186424255,a4b4,True,0.991428554058075,0.4286683000391349,0,0.0,
700,1710,advantage endgame fork master short,84,22,c2e2,False,0.3990298165262115,2,0.7791110277175903,b4d5,True,0.977142870426178,4.75252450001426,0,0.0,
710,1630,endgame master mate mateIn2 short,75,39,c6h1,True,0.753058828875212,1,0.975017249584198,c6h1,True,0.9942857027053833,0.3161674999864772,0,0.0,
720,1856,crushing defensiveMove endgame hangingPiece short,89,37,c2b1,True,0.7357394125579431,1,0.8805767893791199,c2b1,True,0.9900000095367432,4.633342200075276,0,0.0,
730,1821,advantage endgame fork veryLong,69,25,b4b2,True,0.9585873421170307,1,0.7823821306228638,b4b2,True,0.9928571581840515,7.467072600033134,0,0.0,
740,1531,advantage endgame fork short,56,40,h4d4,True,0.7218714091133969,1,0.9867281913757324,h4d4,True,0.9814285635948181,5.125203699921258,0,0.0,
750,1657,endgame epauletteMate mate mateIn1 oneMove queenEndgame,86,20,f8d6,False,0.22242193981641403,2,0.9899705052375793,f8e7,True,0.9171428680419922,0.904677200014703,0,0.0,
760,1752,advantage deflection discoveredAttack long middlegame,29,33,e5f3,True,0.8142686858984687,1,0.2012610286474228,e5f3,True,0.9171428680419922,8.363674800028093,0,0.0,
770,1561,endgame mate mateIn2 pin short,54,40,e4e5,False,0.0854462080543363,3,0.9327905178070068,e4g6,True,0.9514285922050476,0.6817255999194458,0,0.0,
780,1716,crushing fork long middlegame,40,28,h5h6,False,0.41344480795183436,2,0.9922894835472107,f5f6,True,0.954285740852356,5.156042499933392,0,0.0,
790,1580,crushing deflection exposedKing long middlegame,54,39,d3g6,True,0.5798889296122453,1,0.8974015712738037,d3g6,True,0.9814285635948181,6.44743759999983,0,0.0,
800,1736,endgame fork mate mateIn4 sacrifice veryLong,67,28,e4g3,False,0.11823515529306225,2,0.9322165846824646,e4f2,True,0.9728571176528931,1.4674604999599978,0,0.0,
810,1580,crushing fork intermezzo long middlegame pin sacrifice,43,39,g8g2,True,0.9394635538478675,1,0.9028488993644714,g8g2,True,0.991428554058075,10.830315400031395,0,0.0,
820,1770,crushing deflection endgame master queenEndgame short,68,24,e3f4,False,0.03321209119557446,3,0.9782466888427734,f2f4,True,0.8700000047683716,16.279360400047153,0,0.0,
830,1638,advantage endgame long pin,42,34,e7d7,True,0.45956673784438573,1,0.7541788220405579,e7d7,True,0.977142870426178,8.735010299948044,0,0.0,
840,1889,advantage interference intermezzo middlegame short,35,47,c6d4,True,0.8443778672598168,1,0.49813956022262573,c6d4,True,0.9928571581840515,6.777946499991231,0,0.0,
850,1464,crushing discoveredAttack endgame rookEndgame short,122,18,h4h6,False,0.045647507567578405,2,0.9244771599769592,c4c5,True,0.9114285707473755,4.7464574000332505,0,0.0,
860,1751,mate mateIn2 middlegame operaMate pillsburysMate sacrifice short,64,51,c1a1,False,0.04629560553556874,3,0.9417183995246887,c6c8,True,0.9128571152687073,0.9242473000194877,0,0.0,
870,1811,advancedPawn advantage deflection endgame master pin promotion rookEndgame short,84,24,a6f6,False,0.014261558580410496,2,0.9940481781959534,a6a7,False,0.0014285714132711291,5.569988000090234,0,0.0,
880,1863,advantage discoveredAttack middlegame short,49,29,c8h3,True,0.9940065002063263,1,0.8979769349098206,c8h3,True,0.9985714554786682,4.884499000036158,0,0.0,
890,1472,advantage endgame fork long master,49,33,e2e1,True,0.7990266205746693,1,0.9687896966934204,e2e1,True,0.9900000095367432,3.8760588999139145,0,0.0,
900,1811,advantage middlegame pin short,58,35,g7g6,False,0.2037966935014587,2,0.7725237011909485,g7c7,True,0.795714259147644,7.187023799982853,0,0.0,
910,1524,endgame mate mateIn2 short,68,27,f7e8,True,0.9153467696674603,1,0.9732409119606018,f7e8,True,0.9957143068313599,0.2916787000140175,0,0.0,
920,1832,advantage long middlegame sacrifice,36,43,c3e4,True,0.41308446417779265,1,0.5965623259544373,c3e4,True,0.9685714244842529,5.6386017999611795,0,0.0,
930,1545,mate mateIn2 middlegame pin queensideAttack short,38,34,a6b7,False,0.34850364391342986,2,0.9794206619262695,a4c6,True,0.9757142663002014,0.5086200999794528,0,0.0,
940,1735,advantage fork long middlegame,44,40,g4f6,True,0.8502756007173978,1,0.9780499935150146,g4f6,True,0.991428554058075,6.92388400004711,0,0.0,
950,1666,crushing defensiveMove endgame sacrifice short,110,12,e2d4,False,0.03880928224230885,3,0.9911804795265198,e2g3,True,0.8157142996788025,10.644427599967457,0,0.0,
960,1689,kingsideAttack mate mateIn2 middlegame short,53,38,h4f2,True,0.9954070665576001,1,0.979844331741333,h4f2,True,0.9985714554786682,0.11510809999890625,0,0.0,
970,1457,endgame mate mateIn2 short,120,18,g4g5,True,0.6201609588898196,1,0.9329857230186462,g4g5,True,0.9814285635948181,0.31819689995609224,0,0.0,
980,1581,crushing endgame fork short,51,43,f4e2,True,0.7950284775505618,1,0.9113160371780396,f4e2,True,0.9842857122421265,12.657928599976003,0,0.0,
990,1711,discoveredCheck doubleCheck mate mateIn2 middlegame short,45,33,d7b6,True,0.5017257136686675,1,0.901207685470581,d7b6,True,0.9857142567634583,1.7955686999484897,0,0.0,
1000,1828,advancedPawn mate mateIn2 middlegame sacrifice short,43,27,c2d3,True,0.8802968013630944,1,0.9733362793922424,c2d3,True,0.9942857027053833,1.1213327998993918,0,0.0,
1010,1769,crushing deflection endgame long queenEndgame skewer,93,24,d1d6,False,0.13673331856825724,3,0.8717382550239563,d1d6,False,0.02428571507334709,22.592596299946308,0,0.0,
1020,1793,crushing endgame fork long,77,32,g2g1,True,0.8165904542757852,1,0.9942103624343872,g2g1,True,0.9900000095367432,4.89172710001003,0,0.0,
1030,1563,crushing endgame long skewer,56,26,f8g8,True,0.9639395554740587,1,0.6628328561782837,f8g8,True,0.9971428513526917,2.217491500079632,0,0.0,
1040,1651,crushing deflection master middlegame short,57,40,c2e4,True,0.9840677686749525,1,0.9169467687606812,c2e4,True,0.9942857027053833,4.894890099996701,0,0.0,
1050,1468,crushing fork long opening,14,36,f3h5,True,0.7823358129750035,1,0.6557477712631226,f3h5,True,0.9871428608894348,4.901706699980423,0,0.0,
1060,1693,advantage endgame long quietMove rookEndgame skewer,70,25,c3h3,True,0.9575601089140763,1,0.9171625971794128,c3h3,True,0.9971428513526917,4.338833600049838,0,0.0,
1070,1832,crushing endgame master pin short,119,15,g2f1,True,0.6272231890262431,1,0.9536005854606628,g2f1,True,0.9857142567634583,4.903835300006904,0,0.0,
1080,1812,advantage capturingDefender endgame master short,59,38,b3b2,False,0.12449065442730572,3,0.7854796648025513,d6d4,True,0.9457142949104309,5.196268099942245,0,0.0,
1090,1887,crushing endgame long pin,59,37,a1a2,False,0.006193873315980727,9,0.869804859161377,a1a2,False,0.0,6.904130700044334,0,0.0,
1100,1648,advantage capturingDefender fork long middlegame sacrifice,41,31,c7g3,False,0.11527052138302443,2,0.7160412669181824,c7g3,False,0.034285712987184525,5.4883439999539405,0,0.0,
1110,1783,mate mateIn2 middlegame short,52,29,h3g3,False,0.3136873768670829,2,0.6960208415985107,a1g1,True,0.6342856884002686,10.661571300006472,0,0.0,
1120,1751,attraction crushing discoveredAttack kingsideAttack long middlegame sacrifice,49,44,g8g2,True,0.66856013169209,1,0.9969882369041443,g8g2,True,0.9814285635948181,7.223524699918926,0,0.0,
1130,1751,advantage hangingPiece middlegame short,25,43,e5a1,True,0.843685010446554,1,0.7733555436134338,e5a1,True,0.991428554058075,21.02166510000825,0,0.0,
1140,1603,endgame mate mateIn2 sacrifice short,69,40,h5h3,True,0.8254777588362041,1,0.9628568291664124,h5h3,True,0.9871428608894348,1.332071700016968,0,0.0,
1150,1752,advancedPawn deflection discoveredAttack discoveredCheck endgame exposedKing mate mateIn5 promotion swallowstailMate veryLong,69,23,h4h1,True,0.9871497882038999,1,0.9590948224067688,h4h1,True,0.9985714554786682,3.0053950999863446,0,0.0,
1160,1716,advantage endgame fork long,71,20,h3h1,True,0.642424806701001,1,0.880961537361145,h3h1,True,0.9885714054107666,6.488313899957575,0,0.0,
1170,1628,crushing long middlegame pin,49,31,e7e4,True,0.9981788533951725,1,0.5662911534309387,e7e4,True,0.9985714554786682,6.89428649994079,0,0.0,
1180,1735,attraction crushing fork long middlegame sacrifice,55,47,d4f3,False,0.001742566635106738,5,0.9862305521965027,a8a7,False,0.0,5.036314000026323,0,0.0,
1190,1768,advantage endgame long sacrifice,63,20,c7b6,False,0.13367073731546072,2,0.727943480014801,c7e5,True,0.9628571271896362,5.745255800080486,0,0.0,
1200,1603,advantage discoveredAttack long middlegame,33,35,e6d5,True,0.4182867794302091,1,0.8506554961204529,e6d5,True,0.9428571462631226,8.814929899992421,0,0.0,
1210,1526,endgame mate mateIn2 short,104,36,c7c8,False,0.3561410185062997,2,0.9748181700706482,f3f7,True,0.9757142663002014,0.45185059995856136,0,0.0,
1220,1623,long mate mateIn3 middlegame pillsburysMate sacrifice,62,49,e4e8,False,2.650485600771377e-05,26,0.9927449226379395,e4e8,False,0.0,4.621697099995799,0,0.0,
1230,1625,crushing endgame master rookEndgame short skewer,69,18,d3d2,False,0.36433808375570986,2,0.9945516586303711,d8e8,True,0.9671428799629211,4.544369800016284,0,0.0,
1240,1458,crushing long middlegame pin sacrifice,37,38,d6d2,True,0.9382272224177381,1,0.7659516930580139,d6d2,True,0.9971428513526917,8.521394999930635,0,0.0,
1250,2296,crushing long middlegame pin,64,36,e5g3,False,0.03534102411506906,4,0.9842818379402161,e5e3,True,0.5699999928474426,12.94585730007384,0,0.0,
1260,2228,crushing defensiveMove long middlegame sacrifice,37,4,f8f7,False,0.4428899436050515,2,0.7153990864753723,g8h8,True,0.9328571557998657,9.68283559998963,0,0.0,
1270,2166,crushing defensiveMove endgame sacrifice short,107,4,e5f5,True,0.800169925822393,1,0.9731476902961731,e5f5,True,0.9857142567634583,11.550727299996652,0,0.0,
1280,1963,advancedPawn crushing deflection endgame long promotion rookEndgame,120,18,g6d6,False,0.013188500512152253,2,0.9690631628036499,g6d6,False,0.0014285714132711291,10.355994599987753,0,0.0,
1290,2062,crushing fork middlegame veryLong,69,30,d7d3,True,0.8568630612289783,1,0.9037956595420837,d7d3,True,0.9900000095367432,22.34134600008838,0,0.0,
1300,2253,advantage long middlegame trappedPiece,32,50,d4b5,False,0.2796845579208726,2,0.2658405900001526,c4d5,True,0.9671428799629211,5.800672399927862,0,0.0,
1310,2145,advantage hangingPiece long opening,23,31,f8f7,False,0.1841434281650472,2,0.6380565762519836,a5c4,True,0.9599999785423279,6.131453900015913,0,0.0,
1320,2150,advantage deflection master middlegame pin queensideAttack short,54,36,f1c1,False,0.01257599680426889,5,0.9319944381713867,f1c1,False,0.3857142925262451,9.254665400017984,0,0.0,
1330,2071,advantage long middlegame pin,29,52,e5f3,True,0.9982775156557492,1,0.8409906625747681,e5f3,True,0.9985714554786682,6.642343999934383,0,0.0,
1340,1945,advantage fork long middlegame pin,58,43,e5d6,True,0.8210122138108066,1,0.9812353253364563,e5d6,True,0.9742857217788696,6.676965199992992,0,0.0,
1350,1903,deflection kingsideAttack master mate mateIn4 middlegame sacrifice veryLong,50,46,c1c8,False,0.030932676083851446,4,0.4334857761859894,b3f7,True,0.8528571724891663,1.597105999942869,0,0.0,
1360,2295,advantage long middlegame pin,58,48,g6h6,False,0.12239717998374008,3,0.8552690148353577,g6e6,True,0.8642857074737549,9.018161799991503,0,0.0,
1370,1943,endgame long mate mateIn3 triangleMate,73,29,e6h6,False,0.12018574720672125,2,0.9658006429672241,d5f3,True,0.9528571367263794,0.8460210999473929,0,0.0,
1380,2296,advancedPawn crushing discoveredAttack discoveredCheck endgame exposedKing veryLong,95,22,d3d2,False,0.09323951505289478,2,0.9960818886756897,c2e2,True,0.7228571176528931,9.511157700093463,0,0.0,
1390,2279,crushing defensiveMove discoveredAttack fork middlegame veryLong,67,30,f8e6,False,0.03778717081619545,4,0.35605210065841675,f8e6,False,0.0028571428265422583,9.124415999976918,0,0.0,
1400,2136,mate mateIn2 middlegame short,59,35,f8f1,False,0.0004730169158166727,7,0.9951778054237366,f8f1,False,0.0,2.644421700038947,0,0.0,
1410,2058,advantage discoveredAttack discoveredCheck fork long middlegame,44,40,f7h8,False,0.004589904078386886,3,0.6670964956283569,f7d6,False,0.0,16.480443299980834,0,0.0,
1420,2272,advantage long middlegame quietMove sacrifice,50,40,h6h7,False,0.029375945834377384,3,0.9724726676940918,g5h7,True,0.6499999761581421,29.564984400058165,0,0.0,
1430,1995,advantage fork middlegame short,30,29,g3e5,True,0.4156189147517828,1,0.9234400391578674,g3e5,True,0.9700000286102295,19.25238870002795,0,0.0,
1440,1936,endgame long mate mateIn3 queenEndgame,91,30,h6h5,True,0.7360508463141326,1,0.6466233730316162,h6h5,True,0.9900000095367432,0.7463830000488088,0,0.0,
1450,2114,crushing endgame master pin short,75,28,d2e1,False,0.1628658693260455,2,0.9626261591911316,d2d1,True,0.6000000238418579,16.897539799916558,0,0.0,
1460,2205,crushing defensiveMove deflection long middlegame skewer,42,35,a4c5,False,0.0076938665826486565,2,0.9503844976425171,a4c5,False,0.0,18.92220259993337,0,0.0,
1470,1900,advantage intermezzo kingsideAttack long middlegame pin,39,33,f4h3,False,0.3984182940766581,2,0.964225172996521,f6g5,True,0.9485714435577393,5.20914819999598,0,0.0,
1480,2046,advantage middlegame pin short,34,47,d1a4,True,0.572809889914946,1,0.9236081838607788,d1a4,True,0.9700000286102295,5.50501990003977,0,0.0,
1490,2177,advantage middlegame short trappedPiece,44,31,f3e4,False,0.2970376204418518,2,0.33320796489715576,e2e4,True,0.9514285922050476,6.625996799906716,0,0.0,
1500,2055,advantage exposedKing fork long middlegame,36,50,g5f7,False,0.01735816225791569,5,0.8607831001281738,h7g8,True,0.6328571438789368,7.871901500038803,0,0.0,
1510,2008,advantage intermezzo long middlegame queensideAttack sacrifice,43,36,a3b3,False,0.13659006137259358,3,0.9661549925804138,a3a2,True,0.8942857384681702,5.062530900002457,0,0.0,
1520,1983,crushing defensiveMove hangingPiece middlegame short,57,42,c4a3,False,0.06181528857477956,4,0.8756425380706787,g8h7,True,0.8485714197158813,8.278646600083448,0,0.0,
1530,2273,advantage middlegame short trappedPiece,29,22,c8a6,False,0.015531198398343236,6,0.5443933010101318,a8a6,True,0.5557143092155457,7.14188639994245,0,0.0,
1540,2315,advantage endgame fork veryLong,58,30,d3d5,True,0.9555776583197718,1,0.7719596028327942,d3d5,True,0.9971428513526917,7.324562900001183,0,0.0,
1550,2069,advantage capturingDefender intermezzo long middlegame,47,40,e8e1,True,0.9405220813500961,1,0.9224192500114441,e8e1,True,0.9957143068313599,11.857569899992086,0,0.0,
1560,1931,crushing middlegame short trappedPiece,73,22,a5b5,False,0.025231268590764085,3,0.9938635230064392,a5b5,False,0.014285714365541935,16.44544619997032,0,0.0,
1570,2122,advantage discoveredAttack endgame long pin,60,37,f5e7,False,0.009753588338332788,3,0.9629356265068054,a4a5,False,0.03999999910593033,10.991785199963488,0,0.0,
1580,2255,bishopEndgame crushing deflection endgame long,88,11,b6b5,True,0.6832138161522471,1,0.7369367480278015,b6b5,True,0.9742857217788696,15.687891000066884,0,0.0,
1590,1942,attraction mate mateIn2 middlegame morphysMate short,87,25,d7f5,False,0.322410913013442,2,0.8813269734382629,b4b3,True,0.9757142663002014,1.6869490999961272,0,0.0,
1600,1988,advantage endgame master sacrifice short,70,33,g3d6,False,0.19588581089423757,2,0.9631956815719604,f6g6,True,0.9357143044471741,15.139235000009649,0,0.0,
1610,2057,advantage fork long middlegame,54,28,f4c7,True,0.740357406182863,1,0.9363088607788086,f4c7,True,0.9885714054107666,19.534195099957287,0,0.0,
1620,2134,crushing endgame hangingPiece master short,111,18,g8f8,False,0.001770417218793055,2,0.7818854451179504,g8f8,False,0.0,6.884088099934161,0,0.0,
1630,1943,advantage fork middlegame short,47,32,b2c1,True,0.7524632090431204,1,0.9688930511474609,b2c1,True,0.9900000095367432,4.733185200020671,0,0.0,
1640,2110,long mate mateIn3 middlegame sacrifice,48,41,e7d7,False,0.2319585310004916,2,0.9549537301063538,c7c8,True,0.9585714340209961,0.7726752000162378,0,0.0,
1650,2309,clearance crushing endgame long pin,92,42,c5f8,False,0.053823925607977746,3,0.9477545619010925,c5a3,True,0.7342857122421265,4.865399800008163,0,0.0,
1660,2332,crushing endgame long pin,62,20,b5c6,False,0.017607671631168387,3,0.789598286151886,b5c6,False,0.03857142850756645,5.9604374000336975,0,0.0,
1670,1916,advantage long middlegame sacrifice,63,43,f5f3,True,0.8701979900999056,1,0.678497314453125,f5f3,True,0.9942857027053833,5.533435399993323,0,0.0,
1680,2250,advantage defensiveMove endgame pin short,57,6,h6g5,False,0.01980130077964481,6,0.9244592189788818,f6e6,True,0.4814285635948181,6.248021599953063,0,0.0,
1690,2113,advantage discoveredAttack middlegame queensideAttack veryLong,42,38,c3b5,False,0.21619977502724078,2,0.2626197338104248,e3b6,True,0.7828571200370789,6.24798549991101,0,0.0,
1700,1970,advantage capturingDefender fork middlegame veryLong,54,38,c3d5,True,0.9566558559433659,1,0.8644189834594727,c3d5,True,0.9971428513526917,5.969296199968085,0,0.0,
1710,2076,clearance crushing intermezzo long master middlegame sacrifice,69,36,f5f2,False,0.002860124894073381,6,0.8899886608123779,f5h3,False,0.0,12.898825200041756,0,0.0,
1720,2196,crushing deflection exposedKing fork middlegame veryLong,50,36,h3h8,True,0.9667943854550275,1,0.8672730922698975,h3h8,True,0.9971428513526917,5.028476999956183,0,0.0,
1730,2141,advancedPawn endgame mate mateIn2 short,89,23,a3a1,False,0.03878945704171162,2,0.9998123049736023,b3b2,True,0.8914285898208618,4.0960987999569625,0,0.0,
1740,2313,crushing middlegame pin veryLong,43,39,g6h6,False,0.17647046875647507,3,0.9561481475830078,e7h4,True,0.9714285731315613,10.049413500004448,0,0.0,
1750,1927,advantage fork long middlegame,29,35,f6g5,True,0.5381573488240333,1,0.6597834229469299,f6g5,True,0.9671428799629211,13.04527259990573,0,0.0,
1760,2148,crushing fork long middlegame,22,35,f4e5,True,0.6001570093688394,1,0.7884843945503235,f4e5,True,0.977142870426178,11.533182099927217,0,0.0,
1770,2176,advantage fork long middlegame,62,49,b5b6,False,0.29592705774927563,2,0.8104033470153809,c1c6,True,0.9157142639160156,21.414564099977724,0,0.0,
1780,2273,advantage long middlegame pin,85,43,f5f1,False,0.0168137650070305,6,0.9319003820419312,f5f1,False,0.3514285683631897,8.183513899915852,0,0.0,
1790,2064,advantage discoveredAttack discoveredCheck endgame long,59,27,e4d2,True,0.6641980085054509,1,0.9900107383728027,e4d2,True,0.9157142639160156,5.641826099948958,0,0.0,
1800,2325,attraction crushing kingsideAttack middlegame sacrifice short,47,47,d5f4,False,0.08237383147256691,5,0.8357219099998474,f8f2,True,0.9442856907844543,3.577397200046107,0,0.0,
1810,1929,crushing endgame hangingPiece knightEndgame short,104,14,d5c7,True,0.8260576104906397,1,0.9697559475898743,d5c7,True,0.9871428608894348,6.642989100073464,0,0.0,
1820,2085,crushing defensiveMove endgame hangingPiece master short,87,27,c4e3,False,0.37273166384864037,2,0.9696947336196899,d5f3,False,0.03999999910593033,7.3743501000572,0,0.0,
1830,1921,discoveredCheck doubleCheck endgame mate mateIn2 short,46,26,f6e8,True,0.34279109870830615,1,0.9784615635871887,f6e8,True,0.9442856907844543,0.9846605999628082,0,0.0,
1840,2096,crushing endgame fork long,67,26,b5f1,False,0.005474602721746293,2,0.8896869421005249,b5f1,False,0.0,9.622404999914579,0,0.0,
1850,2081,crushing deflection endgame long queenEndgame,114,27,e5d6,False,0.0002550102825384363,11,0.9915699362754822,e5h8,False,0.0,5.7599545000121,0,0.0,
1860,2276,crushing long master masterVsMaster middlegame sacrifice,48,48,d1d5,True,0.5041933395087947,1,0.9355611205101013,d1d5,True,0.9628571271896362,7.90743919997476,0,0.0,
1870,2122,crushing defensiveMove endgame hangingPiece master short,98,13,b5c5,True,0.9361627832224092,1,0.9107369184494019,b5c5,True,0.6471428275108337,1.5475946000078693,0,0.0,
1880,1904,bishopEndgame endgame mate mateIn2 short,89,17,c8b7,True,0.6832871148432499,1,0.8481975793838501,c8b7,True,0.9885714054107666,0.5783095000078902,0,0.0,
1890,1983,advantage discoveredAttack long middlegame pin,52,25,g2h2,False,0.29360989896453743,2,0.9620921611785889,g2h3,True,0.977142870426178,16.72446930001024,0,0.0,
1900,1978,cornerMate endgame mate mateIn2 short,66,32,e7e8,True,0.5925284752479969,1,0.9997407793998718,e7e8,True,0.9800000190734863,1.1803658000426367,0,0.0,
1910,2068,endgame mate mateIn2 short,71,20,c7c6,False,0.0006792362890555855,7,0.970740795135498,c7c6,False,0.0,19.757745199953206,0,0.0,
1920,1924,bishopEndgame crushing endgame quietMove sacrifice short,80,9,g2f3,False,0.003264882380930631,4,0.929710865020752,g2f3,False,0.0,11.445309599977918,0,0.0,
1930,1910,advantage discoveredAttack middlegame short,43,39,f8e8,False,0.013352498853400317,4,0.735204815864563,d7f6,True,0.4399999976158142,23.711651899968274,0,0.0,
1940,2011,attraction crushing endgame long sacrifice skewer,74,29,g4e3,False,0.0009842154613195827,8,0.9700628519058228,g4e3,False,0.0,6.12128359999042,0,0.0,
1950,2239,advantage endgame master rookEndgame trappedPiece veryLong,74,19,e3e4,True,0.9804479776595847,1,0.9516711235046387,e3e4,True,0.9842857122421265,6.996164999902248,0,0.0,
1960,1922,crushing discoveredAttack master middlegame short,62,42,e3f4,True,0.5027202363676425,1,0.9496672749519348,e3f4,True,0.9785714149475098,7.183340199990198,0,0.0,
1970,2036,advantage endgame long trappedPiece,87,29,b5d4,False,0.3869792272391827,2,0.9257738590240479,e8e3,True,0.9700000286102295,7.544504899997264,0,0.0,
1980,2262,advantage castling discoveredAttack discoveredCheck master middlegame short,30,32,a1d1,False,0.20307688607833352,2,0.8003074526786804,e1c1,True,0.9671428799629211,5.0371179999783635,0,0.0,
1990,2151,advantage endgame long pin quietMove,57,37,e4d2,True,0.44640951743771295,1,0.8532823920249939,e4c5,False,0.12428571283817291,6.6671808999963105,0,0.0,
2000,2091,crushing endgame master masterVsMaster short trappedPiece,98,20,d7f6,False,0.004714321860727606,3,0.9785283207893372,d7f6,False,0.0,6.907303799991496,0,0.0,
2010,2307,crushing endgame interference sacrifice veryLong,65,41,c3c1,False,0.11628303906835424,2,0.9759650230407715,g4g2,True,0.9300000071525574,6.126170099945739,0,0.0,
2020,2048,crushing endgame long sacrifice,54,35,f4b4,True,0.9489707529949692,1,0.939662754535675,f4b4,True,0.668571412563324,16.526712599908933,0,0.0,
2030,2083,crushing discoveredAttack discoveredCheck middlegame sacrifice veryLong,44,32,g5e6,False,0.009318925254909245,3,0.5627883076667786,g3c3,False,0.0,20.882853399962187,0,0.0,
2040,1917,advantage deflection middlegame short,49,36,g7f7,True,0.6823834339004267,1,0.1453752964735031,g7f7,True,0.9728571176528931,27.409113400033675,0,0.0,
2050,2193,crushing kingsideAttack master middlegame pin sacrifice veryLong,48,34,b2b3,False,0.08963911407649451,4,0.7210778594017029,b2b1,False,0.012857142835855484,22.795762600027956,0,0.0,
2060,1935,crushing kingsideAttack middlegame pin short,42,41,h6g6,True,0.9249544098784935,1,0.7439900636672974,h6g6,True,0.9957143068313599,11.936997900018468,0,0.0,
2070,2062,advantage defensiveMove long opening sacrifice,27,3,e8f7,True,0.6490445696860054,1,0.4038695991039276,e8f7,True,0.9828571677207947,14.980385300004855,0,0.0,
2080,2177,advantage defensiveMove exposedKing long middlegame pin,83,3,g7h7,False,0.3438159107327685,2,0.9602628350257874,g7f8,True,0.9757142663002014,6.549254599958658,0,0.0,
2090,2220,attraction discoveredCheck doubleCheck mate mateIn4 middlegame sacrifice veryLong,46,32,g1g7,True,0.9948970721641109,1,0.9764318466186523,g1g7,True,0.9985714554786682,5.024003400001675,0,0.0,
2100,2220,crushing deflection discoveredAttack kingsideAttack middlegame veryLong,24,51,d3h7,True,0.9816096071132182,1,0.965904951095581,d3h7,True,0.9742857217788696,20.396580199943855,0,0.0,
2110,1909,mate mateIn2 middlegame queensideAttack sacrifice short,39,47,e5b2,False,0.049042012412988854,3,0.9365795850753784,b4a2,True,0.9200000166893005,3.905076100025326,0,0.0,
2120,2108,advantage endgame fork veryLong,64,27,h6f7,False,0.018506185930256075,2,0.985332190990448,h6f7,False,0.0014285714132711291,5.913433599984273,0,0.0,
2130,1994,crushing endgame fork long,78,29,e7g5,False,0.03901596620409468,2,0.9936986565589905,f4g5,True,0.881428599357605,5.323831399902701,0,0.0,
2140,1939,crushing fork long middlegame,39,44,e7d7,True,0.44279459858953263,1,0.9598108530044556,e7d7,True,0.977142870426178,4.223187000025064,0,0.0,
2150,2046,crushing endgame skewer veryLong,67,25,h3f5,False,0.0640720045193847,2,0.6303296089172363,h3f1,True,0.9399999976158142,5.798428500071168,0,0.0,
2160,2083,attraction crushing long middlegame,52,34,h7f5,True,0.5543465228718647,1,0.8725746273994446,h7f5,True,0.9599999785423279,6.956410599988885,0,0.0,
2170,2197,advancedPawn advantage kingsideAttack middlegame sacrifice short,45,51,a8a5,False,0.12064158536123872,2,0.9744990468025208,a8a5,False,0.4057142734527588,6.485373799921945,0,0.0,
2180,2050,advantage defensiveMove endgame fork long,71,35,g5h5,False,0.11191398133692256,2,0.9942872524261475,c3g3,True,0.9599999785423279,1.0932409000815824,0,0.0,
2190,2025,crushing deflection endgame master rookEndgame short,96,16,h2b2,False,0.452539738963849,2,0.947539210319519,a2a3,True,0.9757142663002014,4.293421800015494,0,0.0,
2200,2220,advantage attraction discoveredAttack middlegame pin veryLong,36,45,b7e7,False,0.14749982223781694,2,0.982314944267273,b7e7,False,0.02142857201397419,6.2456310000270605,0,0.0,
2210,2098,crushing middlegame pin short,50,43,h6g5,True,0.905326691491935,1,0.9127913117408752,h6g5,True,0.9399999976158142,9.489358599996194,0,0.0,
2220,2226,crushing deflection endgame fork long,42,45,e5d6,False,0.012581422045189415,5,0.9651104807853699,e5d6,False,0.36571428179740906,20.934858500026166,0,0.0,
2230,1967,advantage capturingDefender deflection endgame intermezzo long sacrifice,57,35,a4c2,True,0.5740823291397447,1,0.9409584403038025,a4c2,True,0.9785714149475098,19.427254100097343,0,0.0,
2240,2250,advantage endgame fork short,118,33,f1f7,False,0.0005260648619021975,14,0.983549177646637,f1f7,False,0.0,10.65000839997083,0,0.0,
2250,2273,advantage fork middlegame veryLong,39,38,f5g3,False,3.282732298494815e-05,9,0.973045289516449,f5g3,False,0.0,21.642160399933346,0,0.0,
2260,1922,collinearMove crushing discoveredAttack discoveredCheck kingsideAttack middlegame short,49,33,g2g1,False,0.08202735744577144,5,0.9781450629234314,g2g4,True,0.9300000071525574,4.913102600025013,0,0.0,
2270,2138,advantage fork long middlegame pin,41,33,c3a2,False,0.02014497647461968,3,0.9644804000854492,a5a3,True,0.7071428298950195,7.609040299896151,0,0.0,
2280,2253,advantage middlegame quietMove sacrifice veryLong,48,42,e4f6,True,0.9986070465365234,1,0.9806095361709595,e4f6,True,0.9985714554786682,0.47998900001402944,0,0.0,
2290,2132,crushing middlegame pin quietMove short,53,29,c7c3,False,0.010183812987069229,4,0.9230557084083557,c7a7,False,0.06142857298254967,5.221125299925916,0,0.0,
2300,2333,advancedPawn crushing deflection endgame promotion rookEndgame veryLong,88,22,e7e5,True,0.7062320953506119,1,0.9852774143218994,e7g7,False,0.2257142812013626,7.14113250002265,0,0.0,
2310,2099,advantage endgame fork long pin sacrifice,65,28,f2g1,False,0.07070433371803521,5,0.40785452723503113,d5f3,True,0.9557142853736877,5.471520299906842,0,0.0,
2320,2149,advantage attraction endgame sacrifice skewer veryLong,67,30,f7g6,False,0.1759833918970811,2,0.924868643283844,a2e2,True,0.9599999785423279,6.084181600017473,0,0.0,
2330,2111,crushing deflection endgame short,58,22,h4f5,False,0.17053457421199406,2,0.9746288657188416,h4g6,True,0.7985714077949524,6.482165899942629,0,0.0,
2340,2106,cornerMate mate mateIn2 middlegame short,70,29,d1d8,False,0.08359341370335269,2,0.9547504782676697,g5h6,True,0.9371428489685059,0.8383159999502823,0,0.0,
2350,1995,crushing discoveredAttack fork middlegame veryLong,38,35,f4e5,True,0.8822531108170831,1,0.4236263036727905,f4e5,True,0.9928571581840515,5.794418000034057,0,0.0,
2360,2318,kingsideAttack long mate mateIn3 middlegame,36,48,d5e7,False,0.04149524979042076,2,0.9682777523994446,d5f6,True,0.8942857384681702,1.9591400000499561,0,0.0,
2370,2097,long mate mateIn3 middlegame operaMate sacrifice,55,27,h5h3,True,0.8092469009154003,1,0.9575280547142029,h5h3,True,0.9828571677207947,0.9484378000488505,0,0.0,
2380,2126,crushing discoveredAttack kingsideAttack long middlegame,44,47,e4f6,False,0.012574775132039969,6,0.9381921291351318,g2g3,False,0.0,23.75877189997118,0,0.0,
2390,2072,crushing hangingPiece master middlegame short superGM,29,36,h8h7,True,0.959262753605764,1,0.6801707744598389,h8h7,True,0.6814285516738892,20.692597699933685,0,0.0,
2400,2175,crushing deflection endgame queensideAttack short,60,26,a7a8,True,0.9977424575453089,1,0.9881551861763,a7a8,True,1.0,20.982933399965987,0,0.0,
2410,2089,attraction mate mateIn5 middlegame sacrifice veryLong,69,32,a6a2,True,0.4463976365869539,1,0.6332312226295471,a6a2,True,0.9842857122421265,3.89505759999156,0,0.0,
2420,2083,crushing middlegame sacrifice short,31,42,c5b4,True,0.7236682127618804,1,0.35170120000839233,c5b4,True,0.9642857313156128,7.962402100092731,0,0.0,
2430,2135,clearance crushing middlegame sacrifice veryLong,54,38,b3c4,False,0.31572753691883065,2,0.9794016480445862,d1d5,True,0.7942857146263123,4.848423499963246,0,0.0,
2440,1921,advantage discoveredAttack middlegame pin short,45,43,h4h3,False,0.0377433765718453,2,0.9959908723831177,f5e4,True,0.831428587436676,5.346792099997401,0,0.0,
2450,2235,advantage capturingDefender intermezzo long opening sacrifice,31,37,a5b3,False,0.01208384979391837,3,0.8593801259994507,g5f4,False,0.0014285714132711291,5.396730000036769,0,0.0,
2460,2123,advantage defensiveMove hangingPiece middlegame short,39,27,e6c4,False,0.2660994925701545,2,-0.07762917131185532,e3d2,True,0.8428571224212646,7.469643100048415,0,0.0,
2470,1931,kingsideAttack mate mateIn2 middlegame short,43,36,c5f2,True,0.9969766909346098,1,0.7916786074638367,c5f2,True,0.9985714554786682,0.461436599958688,0,0.0,
2480,2055,intermezzo kingsideAttack long mate mateIn3 middlegame sacrifice,37,52,e5f3,True,0.9920865904728068,1,0.9693188071250916,e5f3,True,0.9985714554786682,0.6166230000089854,0,0.0,
2490,2060,discoveredAttack mate mateIn5 middlegame pin sacrifice veryLong,50,33,g3g6,False,0.22893273129900035,2,0.9924041032791138,f5h6,True,0.9571428298950195,1.7847892000572756,0,0.0,
2500,1163,endgame mate mateIn2 short,61,37,b4b3,True,0.9536513588086882,1,0.8959550261497498,b4b3,True,0.9957143068313599,0.18842559994664043,0,0.0,
2510,1343,advantage attraction endgame exposedKing fork long,45,37,c5d3,False,0.32767417151478195,2,0.9674974083900452,e8e1,True,0.918571412563324,6.997259799973108,0,0.0,
2520,1025,advantage endgame master short skewer,35,21,a8a1,True,0.9855874656428717,1,0.9654266834259033,a8a1,True,0.9971428513526917,4.966396000003442,0,0.0,
2530,1080,advancedPawn advantage deflection endgame pin promotion rookEndgame short,84,15,d7d8q,False,0.047199002619907185,3,0.9914332628250122,a7a5,True,0.5857142806053162,5.3002872000215575,0,0.0,
2540,1315,mate mateIn1 middlegame oneMove,34,52,g5f7,False,0.040770123940354744,3,0.9436832070350647,c2h7,True,0.9071428775787354,1.2727422999450937,0,0.0,
2550,1005,master mate mateIn1 middlegame oneMove pin,36,37,e1e8,True,0.9505969555792804,1,0.9250867962837219,e1e8,True,0.9971428513526917,0.13267680001445115,0,0.0,
2560,1322,mate mateIn1 middlegame oneMove,35,39,g5h3,True,0.5001392265640451,1,0.8993151187896729,g5h3,True,0.9685714244842529,0.5239619000349194,0,0.0,
2570,1363,endgame mate mateIn2 short,40,33,g8g7,True,0.9936682300300564,1,0.9820155501365662,g8g7,True,0.9985714554786682,0.38850330002605915,0,0.0,
2580,1294,mate mateIn1 oneMove opening,23,45,d6d1,True,0.885034353252508,1,0.5544184446334839,d6d1,True,0.9942857027053833,0.1890644000377506,0,0.0,
2590,1053,backRankMate mate mateIn2 middlegame short,53,49,b2b1,True,0.965667294553629,1,0.8091909885406494,b2b1,True,0.9957143068313599,0.2056559999473393,0,0.0,
2600,1106,advancedPawn crushing endgame fork veryLong,88,18,c6c7,True,0.9922074748215015,1,0.966970682144165,c6c7,True,0.9985714554786682,7.189919300028123,0,0.0,
2610,1278,deflection kingsideAttack long mate mateIn3 middlegame pillsburysMate,42,37,h5f7,True,0.9689734602140077,1,0.9832093119621277,h5f7,True,0.9957143068313599,0.36862029996700585,0,0.0,
2620,1034,clearance mate mateIn2 middlegame sacrifice short,83,34,h5g3,True,0.998347162787328,1,0.8822817802429199,h5g3,True,0.9985714554786682,0.1988613000139594,0,0.0,
2630,1235,advantage middlegame pin short,35,38,g6g2,False,0.37212364376086016,2,0.9572906494140625,c6f3,True,0.9757142663002014,9.942897000000812,0,0.0,
2640,1060,blindSwineMate endgame exposedKing long mate mateIn3,64,23,g1h1,True,0.9127045410096182,1,0.36310461163520813,g1h1,True,0.9957143068313599,2.9462275999831036,0,0.0,
2650,1115,advantage fork middlegame short,20,39,g4g7,True,0.8010043886433903,1,0.8345685601234436,g4g7,True,0.991428554058075,18.97546039998997,0,0.0,
2660,1296,mate mateIn1 middlegame oneMove,35,42,d5h1,True,0.9946023298283446,1,0.948244571685791,d5h1,True,0.9985714554786682,0.11928360001184046,0,0.0,
2670,1024,crushing discoveredAttack opening short,14,41,d3b5,True,0.3814837934246946,1,0.6865596771240234,d3b5,True,0.9599999785423279,13.87150709994603,0,0.0,
2680,1110,attackingF2F7 mate mateIn1 oneMove opening,24,36,f3f7,True,0.8102931766738881,1,0.8658462762832642,f3f7,True,0.991428554058075,0.6041482000146061,0,0.0,
2690,1242,crushing endgame fork master short,81,19,e3g4,True,0.9206182395712668,1,0.9808667302131653,e3g4,True,0.9928571581840515,14.110544599941932,0,0.0,
2700,1131,endgame mate mateIn1 oneMove,43,37,d8d2,False,0.1416003893564677,3,0.76423579454422,g2e4,True,0.9328571557998657,2.7760340999811888,0,0.0,
2710,1056,endgame mate mateIn2 short,74,33,d6e7,False,0.16350658911133384,2,0.8724257946014404,e6e7,True,0.9628571271896362,1.7410037000663579,0,0.0,
2720,1342,long mate mateIn3 middlegame queensideAttack xRayAttack,50,41,f8e8,True,0.7518918034112637,1,0.9968024492263794,f8e8,True,0.9814285635948181,0.9566895000170916,0,0.0,
2730,1327,kingsideAttack mate mateIn1 middlegame oneMove,36,43,c3g7,True,0.9943832859655819,1,0.9541165828704834,c3g7,True,0.9985714554786682,0.08275109995156527,0,0.0,
2740,1105,backRankMate endgame mate mateIn2 sacrifice short,50,34,c6c8,True,0.7062468759556286,1,0.9797531962394714,c6c8,True,0.9857142567634583,0.6676096000010148,0,0.0,
2750,1407,crushing deflection discoveredAttack discoveredCheck kingsideAttack middlegame veryLong,38,34,h7g6,True,0.7895613713871813,1,0.9834910035133362,h7g6,True,0.9900000095367432,11.138144899974577,0,0.0,
2760,1224,advancedPawn advantage deflection endgame pin promotion rookEndgame short,144,18,e7e6,True,0.9653224564850796,1,0.9845062494277954,e7e6,True,0.9971428513526917,18.58965249999892,0,0.0,
2770,1045,endgame mate mateIn2 short,56,39,g4g7,False,0.021054977060736134,3,0.9924068450927734,e8g6,True,0.7314285635948181,4.396324099972844,0,0.0,
2780,1123,dovetailMate mate mateIn1 oneMove opening,18,37,e2e6,True,0.6577623012215087,1,0.8906148672103882,e2e6,True,0.9585714340209961,1.0696921999333426,0,0.0,
2790,1206,clearance kingsideAttack mate mateIn2 middlegame sacrifice short,34,45,h4g6,True,0.9881495921054848,1,0.9690060019493103,h4g6,True,0.9971428513526917,0.8614534999942407,0,0.0,
2800,1021,mate mateIn1 middlegame oneMove,56,35,e5f7,True,0.995507823673558,1,0.8967985510826111,e5f7,True,0.9985714554786682,0.09606770006939769,0,0.0,
2810,1268,kingsideAttack mate mateIn2 middlegame short,70,36,d5f6,True,0.9137789265808828,1,0.9992485046386719,d5f6,True,0.9900000095367432,0.6621640999801457,0,0.0,
2820,1271,crushing endgame master short skewer,100,22,c8g8,True,0.8806194303440124,1,0.9811944961547852,c8g8,True,0.9957143068313599,8.392772900057025,0,0.0,
2830,1314,advantage endgame fork short,69,28,c4e5,True,0.7065461896594074,1,0.6936084032058716,c4e5,True,0.9871428608894348,20.12629939999897,0,0.0,
2840,1087,advantage endgame fork short,84,19,c5e6,True,0.90866441386584,1,0.9822660684585571,c5e6,True,0.9942857027053833,19.627135200076737,0,0.0,
2850,1279,discoveredCheck doubleCheck long mate mateIn3 middlegame sacrifice smotheredMate,67,36,f2d3,False,0.47061649001129485,2,0.9779543876647949,f2d3,False,0.10000000149011612,15.844266900094226,0,0.0,
2860,1354,advancedPawn kingsideAttack mate mateIn2 opening short xRayAttack,28,36,g6f7,False,0.23397147034843063,2,0.9583147168159485,g6h7,True,0.9714285731315613,1.7045550999464467,0,0.0,
2870,1135,mate mateIn1 middlegame oneMove,69,39,e2d2,True,0.9054318840559454,1,0.8356383442878723,e2d2,True,0.9957143068313599,0.5550724000204355,0,0.0,
2880,1283,advancedPawn crushing endgame hangingPiece master rookEndgame short,59,20,b8b1,True,0.9934152733997152,1,0.9673186540603638,b8b1,True,0.9985714554786682,8.261629500077106,0,0.0,
2890,1405,advantage endgame pin short,56,26,f5e7,True,0.8514972629838929,1,0.9327403903007507,f5e7,True,0.9900000095367432,9.57829390000552,0,0.0,
2900,1444,crushing hangingPiece middlegame short,62,37,b3c4,True,0.6796172264598807,1,0.927362859249115,b3c4,True,0.9842857122421265,11.410456500016153,0,0.0,
2910,1039,endgame mate mateIn2 short,57,33,f6f2,True,0.8389624236172016,1,0.9754449725151062,f6f2,True,0.9928571581840515,0.6679346999153495,0,0.0,
2920,1406,advantage deflection endgame long master,77,34,e7b7,True,0.8706606418569709,1,0.8924115300178528,e7b7,True,0.9971428513526917,9.55410499998834,0,0.0,
2930,1422,advantage middlegame pin short,34,26,h6g5,False,0.25877211890875507,2,0.8274530172348022,d2e4,True,0.9714285731315613,17.561188900028355,0,0.0,
2940,1141,endgame mate mateIn1 oneMove rookEndgame,59,22,h6h5,True,0.9897961259655486,1,0.795981764793396,h6h5,True,0.9985714554786682,0.09074310003779829,0,0.0,
2950,1210,endgame mate mateIn1 oneMove,74,24,f8d8,True,0.4581028256061933,1,0.9202721118927002,f8d8,True,0.9742857217788696,0.7825169999850914,0,0.0,
2960,1082,endgame mate mateIn1 oneMove,73,32,b1e4,True,0.8982994653891934,1,0.9849606156349182,b1e4,True,0.9942857027053833,0.2846807000460103,0,0.0,
2970,1073,mate mateIn2 opening short,13,39,c5f2,True,0.5996608063789638,1,0.28439465165138245,c5f2,True,0.9585714340209961,9.177358599961735,0,0.0,
2980,1379,crushing fork master opening short,19,47,d8h4,True,0.551847754400751,1,0.49415549635887146,d8h4,True,0.977142870426178,16.28430469997693,0,0.0,
2990,1239,kingsideAttack mate mateIn2 middlegame short,48,32,c2h7,True,0.9774047064220343,1,0.9119002819061279,c2h7,True,0.9971428513526917,0.956490800017491,0,0.0,
3000,1375,endgame mate mateIn2 short,109,37,d5d3,False,0.22817682689613292,2,0.9603160619735718,d5f3,True,0.9528571367263794,1.9684471000218764,0,0.0,
3010,1193,crushing endgame interference long rookEndgame,116,12,a7b7,True,0.9638500917693659,1,0.9622898101806641,a7b7,True,0.9971428513526917,12.607122599962167,0,0.0,
3020,1146,endgame master mate mateIn1 oneMove,65,41,d8h8,True,0.957380900406044,1,0.9313777089118958,d8h8,True,0.9957143068313599,0.2568019999889657,0,0.0,
3030,1240,backRankMate mate mateIn1 middlegame oneMove,31,46,e8e1,True,0.9980101562570449,1,0.9893692135810852,e8e1,True,0.9985714554786682,0.16925009991973639,0,0.0,
3040,1255,crushing endgame fork short,51,28,f4g2,True,0.9979374967661292,1,0.9573467969894409,f4g2,True,0.9985714554786682,7.737620699917898,0,0.0,
3050,1306,backRankMate endgame mate mateIn2 short,46,30,e5d7,True,0.6268458285745292,1,0.9591766595840454,e5d7,True,0.9842857122421265,1.0462651000125334,0,0.0,
3060,1389,endgame mate mateIn1 oneMove rookEndgame,111,17,g2g1,True,0.7660567333614173,1,0.9992958307266235,g2g1,True,0.9900000095367432,0.4011695000808686,0,0.0,
3070,1045,advantage opening short trappedPiece,18,36,c1g5,True,0.8880220389390796,1,0.20090579986572266,c1g5,True,0.9942857027053833,18.188587700016797,0,0.0,
3080,1031,endgame mate mateIn1 oneMove,59,35,e8e1,True,0.9873556117266726,1,0.9562388062477112,e8e1,True,0.9971428513526917,0.11487340007442981,0,0.0,
3090,1250,crushing endgame fork long,54,23,e1e6,True,0.9956008909080819,1,0.8954738974571228,e1e6,True,0.9985714554786682,9.307108599925414,0,0.0,
3100,1087,endgame hangingPiece mate mateIn2 short,92,30,e7f8,True,0.9989430944390167,1,0.98184734582901,e7f8,True,0.9985714554786682,0.7340283000376076,0,0.0,
3110,1416,advantage opening short trappedPiece,16,35,d2c3,True,0.7201164798123945,1,0.06615462154150009,d2c3,True,0.9871428608894348,19.051076199975796,0,0.0,
3120,1387,advantage discoveredAttack discoveredCheck endgame master short,115,15,f4e6,False,0.09187131132306797,2,0.9362097382545471,f4h3,True,0.9485714435577393,20.230176000040956,0,0.0,
3130,1017,attackingF2F7 mate mateIn1 oneMove opening,18,37,f3f7,True,0.47761768321067954,1,0.6759666204452515,f3f7,True,0.9057142734527588,3.2092227999819443,0,0.0,
3140,1183,mate mateIn2 middlegame short,58,44,d5f7,True,0.9757473645023164,1,0.9909666180610657,d5f7,True,0.9971428513526917,0.5597853999352083,0,0.0,
3150,1157,endgame mate mateIn2 short,86,22,e7d8,True,0.9266519466781133,1,0.6015610694885254,e7d8,True,0.9957143068313599,1.0229682999197394,0,0.0,
3160,1143,endgame mate mateIn1 oneMove,60,34,f7h7,False,0.44452049179009184,2,0.9995884299278259,f7h7,False,0.44428572058677673,0.2720305999973789,0,0.0,
3170,1036,kingsideAttack mate mateIn1 middlegame oneMove,32,50,d3h7,True,0.9997346168400774,1,0.8698557615280151,d3h7,True,0.9985714554786682,0.3023105999454856,0,0.0,
3180,1286,endgame master mate mateIn1 oneMove,88,23,f7f8,True,0.849054300352387,1,0.9736425876617432,f7f8,True,0.991428554058075,0.8529499999713153,0,0.0,
3190,1008,backRankMate endgame mate mateIn2 short,65,15,e8e1,True,0.9805024689505237,1,0.08411833643913269,e8e1,True,0.9971428513526917,1.1232493000570685,0,0.0,
3200,1256,backRankMate long mate mateIn3 middlegame sacrifice,52,35,a5c7,True,0.8904824811782576,1,0.9961599111557007,a5c7,True,0.9942857027053833,0.7669979999773204,0,0.0,
3210,1083,crushing endgame fork short,97,15,d6e8,False,0.35504841131950343,2,0.4815681576728821,d6b5,True,0.9757142663002014,8.325502900057472,0,0.0,
3220,1264,endgame mate mateIn2 short,70,35,c7c8,False,0.46632435326358174,2,0.9944895505905151,c5f8,True,0.9514285922050476,1.3708094999892637,0,0.0,
3230,1256,endgame mate mateIn2 pin short,66,21,e7f6,True,0.9888551345987582,1,0.9541534185409546,e7f6,True,0.9971428513526917,0.7033056999789551,0,0.0,
3240,1267,advantage deflection endgame short,59,42,d5c4,False,0.07050330979629889,3,0.9684434533119202,d1g1,True,0.9471428394317627,16.372493999893777,0,0.0,
3250,1175,advantage middlegame short trappedPiece,53,41,e7c5,True,0.6253332953948129,1,0.4403100907802582,e7c5,True,0.9857142567634583,11.645633299951442,0,0.0,
3260,1083,endgame mate mateIn4 sacrifice veryLong,58,28,g4g5,True,0.9081169369902974,1,0.9148530960083008,g4g5,True,0.9942857027053833,2.1383091000607237,0,0.0,
3270,1355,advantage endgame master short trappedPiece,48,28,f4f5,True,0.907592291385935,1,0.8288766145706177,f4f5,True,0.9928571581840515,14.584653800004162,0,0.0,
3280,1408,endgame mate mateIn2 short,64,33,f5e6,False,0.1574468695964641,2,0.9802083969116211,e1e8,True,0.9457142949104309,2.356896699988283,0,0.0,
3290,1390,crushing endgame master masterVsMaster short skewer,110,24,f8g7,False,0.006026342399244534,6,0.9812596440315247,f8e7,False,0.0,27.147060099989176,0,0.0,
3300,1172,mate mateIn1 oneMove opening,22,42,c3a4,False,0.04938600617214607,2,0.7722963690757751,e8b5,True,0.9071428775787354,2.2228774999966845,0,0.0,
3310,1282,crushing discoveredAttack kingsideAttack middlegame short,39,41,e5f3,True,0.9914616131887682,1,0.6245969533920288,e5f3,True,0.9985714554786682,11.851473799906671,0,0.0,
3320,1268,crushing deflection endgame veryLong,50,35,d1h1,True,0.9921857540025333,1,0.9675663113594055,d1h1,True,0.9985714554786682,9.665704900049604,0,0.0,
3330,1225,endgame mate mateIn2 queensideAttack short,74,19,e7e8,True,0.9654167981154654,1,0.9197033643722534,e7e8,True,0.9957143068313599,0.47067049995530397,0,0.0,
3340,1180,crushing endgame queenEndgame short skewer,78,28,d5f5,False,0.0003140726848159542,16,0.9713801741600037,d5d6,False,0.0,13.156922800000757,0,0.0,
3350,1035,kingsideAttack mate mateIn2 middlegame pillsburysMate short,49,38,d8d1,True,0.995133823086119,1,0.9333235025405884,d8d1,True,0.9985714554786682,0.3210032000206411,0,0.0,
3360,1237,mate mateIn2 middlegame short,26,41,a3a4,True,0.8873927999036412,1,0.11879313737154007,a3a4,True,0.9957143068313599,0.3255352999549359,0,0.0,
3370,1258,crushing fork middlegame short,64,32,g5e6,True,0.9545464086179105,1,0.911167323589325,g5e6,True,0.9971428513526917,8.75098849995993,0,0.0,
3380,1415,mate mateIn1 middlegame oneMove pin,30,37,c3d5,False,0.30213955077934346,2,0.9559511542320251,c3b5,True,0.9714285731315613,0.5392112999688834,0,0.0,
3390,1112,advancedPawn crushing discoveredAttack endgame short,92,12,c6c7,True,0.9908445147624138,1,0.9883259534835815,c6c7,True,0.9985714554786682,9.769829600001685,0,0.0,
3400,1189,crushing deflection fork middlegame sacrifice veryLong,47,36,g7g3,True,0.9940877321224475,1,0.9935195446014404,g7g3,True,0.9985714554786682,4.544558699941263,0,0.0,
3410,1318,advantage endgame rookEndgame short skewer,95,23,b2f2,True,0.8162473661321527,1,0.9299747943878174,b2f2,True,0.9942857027053833,9.36434139998164,0,0.0,
3420,1009,endgame master mate mateIn1 oneMove,64,28,f5h7,True,0.9596116244384809,1,0.9970672726631165,f5h7,True,0.9971428513526917,0.1905845000874251,0,0.0,
3430,1220,kingsideAttack mate mateIn2 middlegame short,53,38,g3h3,True,0.7589023405750035,1,0.9947652816772461,g3h3,True,0.9871428608894348,1.6689133000327274,0,0.0,
3440,1078,crushing endgame fork short,56,33,f3f5,True,0.6814567043242038,1,0.9544934034347534,f3f5,True,0.9828571677207947,14.031174700008705,0,0.0,
3450,1174,mate mateIn1 oneMove opening,14,37,d5f6,True,0.6246624672928236,1,-0.11899152398109436,d5f6,True,0.9857142567634583,0.26374009996652603,0,0.0,
3460,1010,advantage fork long middlegame,52,33,d1d8,True,0.9451266441182155,1,0.12705077230930328,d1d8,True,0.9971428513526917,15.432772099971771,0,0.0,
3470,1145,blindSwineMate endgame mate mateIn1 oneMove,64,28,f7f8,False,0.23257072840092938,2,0.9946070909500122,b8f8,True,0.941428542137146,1.9934619000414386,0,0.0,
3480,1030,attraction kingsideAttack mate mateIn2 middlegame sacrifice short,34,43,h4h7,True,0.9502235125055164,1,0.9505444169044495,h4h7,True,0.9957143068313599,0.8565966999158263,0,0.0,
3490,1145,mate mateIn1 oneMove opening,20,45,e5g6,False,0.03200438039003986,3,0.9253312349319458,h5f7,True,0.8414285778999329,3.69916329998523,0,0.0,
3500,1051,crushing fork middlegame short,23,32,c7c5,True,0.7709462700789308,1,0.26885855197906494,c7c5,True,0.9871428608894348,13.945879000006244,0,0.0,
3510,1064,advancedPawn mate mateIn2 middlegame promotion short,30,32,d2d8,True,0.9904436860182211,1,0.957753598690033,d2d8,True,0.9985714554786682,0.5228253999957815,0,0.0,
3520,1447,advantage endgame fork long,72,36,f5d6,False,0.3899072598412697,2,0.9886226058006287,f5g7,True,0.9671428799629211,10.045910999993794,0,0.0,
3530,1171,mate mateIn2 middlegame operaMate queensideAttack sacrifice short,39,50,c3c1,True,0.9423594521682198,1,0.7557112574577332,c3c1,True,0.9971428513526917,0.3826106000924483,0,0.0,
3540,1126,discoveredAttack kingsideAttack long mate mateIn3 middlegame pillsburysMate,32,43,e4f6,True,0.9986379800259049,1,0.9369797706604004,e4f6,True,0.9985714554786682,1.0360709999222308,0,0.0,
3550,1014,mate mateIn2 middlegame queensideAttack short,40,43,b5a6,True,0.945648349889528,1,0.9500914812088013,b5a6,True,0.9957143068313599,0.4421395000535995,0,0.0,
3560,1409,crushing discoveredAttack long middlegame,27,47,c6d4,True,0.8059119922132044,1,0.5392021536827087,c6d4,True,0.9900000095367432,6.6389098999788985,0,0.0,
3570,1120,advantage fork middlegame short,34,31,d2d5,True,0.6859152265094023,1,0.08374539017677307,d2d5,True,0.9885714054107666,13.496118000010028,0,0.0,
3580,1100,kingsideAttack mate mateIn1 middlegame oneMove,35,31,c7h2,True,0.9958420979502486,1,0.7392438650131226,c7h2,True,0.9985714554786682,0.21599180006887764,0,0.0,
3590,1243,kingsideAttack mate mateIn1 middlegame oneMove,35,45,d5g2,True,0.9827669636141881,1,0.9515876173973083,d5g2,True,0.9971428513526917,0.4344400999834761,0,0.0,
3600,1058,attackingF2F7 mate mateIn1 middlegame oneMove,32,43,f3f7,True,0.5030070380438688,1,0.9483441710472107,f3f7,True,0.9800000190734863,1.7928815999766812,0,0.0,
3610,1137,endgame long mate mateIn3 operaMate,53,28,d8d1,True,0.9968251399596962,1,0.8425841331481934,d8d1,True,0.9985714554786682,0.4205437999917194,0,0.0,
3620,1199,crushing fork long middlegame,43,37,g5f3,True,0.9883875574947595,1,0.9650298357009888,g5f3,True,0.9985714554786682,15.470057400059886,0,0.0,
3630,1102,attraction mate mateIn4 middlegame pillsburysMate sacrifice veryLong,41,39,h8h2,True,0.9684983899182092,1,0.9965519309043884,h8h2,True,0.9971428513526917,1.9464223999530077,0,0.0,
3640,1036,backRankMate endgame mate mateIn2 sacrifice short,95,42,c2c1,True,0.7451903383616536,1,0.9265247583389282,c2c1,True,0.9871428608894348,1.4494574000127614,0,0.0,
3650,1040,endgame mate mateIn1 morphysMate oneMove,80,30,c5e7,True,0.8505616000955217,1,0.9133164882659912,c5e7,True,0.991428554058075,0.5719897999661043,0,0.0,
3660,1317,crushing endgame fork master short,81,31,g5f4,True,0.5622575804006694,1,0.9084099531173706,g5f4,True,0.977142870426178,16.382268200046383,0,0.0,
3670,1170,endgame mate mateIn2 pillsburysMate short,66,29,h3f5,True,0.9569747595658846,1,0.9889483451843262,h3f5,True,0.9957143068313599,0.6908936999971047,0,0.0,
3680,1103,endgame mate mateIn1 oneMove,70,32,b6b7,True,0.8983547810858907,1,0.9587632417678833,b6b7,True,0.9942857027053833,0.5975827999645844,0,0.0,
3690,1019,crushing fork middlegame short,19,27,d8a5,True,0.9486665569797584,1,0.8645723462104797,d8a5,True,0.9957143068313599,14.792962500010617,0,0.0,
3700,1368,kingsideAttack mate mateIn2 middlegame sacrifice short,24,50,h1h6,True,0.8489407936753601,1,0.979221761226654,h1h6,True,0.9814285635948181,1.4236090000486001,0,0.0,
3710,1104,endgame kingsideAttack mate mateIn1 oneMove,73,26,f8f1,True,0.9966561407521407,1,0.9761972427368164,f8f1,True,0.9985714554786682,0.22495760000310838,0,0.0,
3720,1424,crushing endgame pin short,61,20,f8h8,True,0.7483757303533415,1,0.9557323455810547,f8h8,True,0.9885714054107666,12.847649200004525,0,0.0,
3730,1177,backRankMate endgame mate mateIn2 short,54,31,c1c8,True,0.6852946330909171,1,0.8938450813293457,c1c8,True,0.9885714054107666,1.5599207000341266,0,0.0,
3740,1174,crushing endgame fork short,71,24,a3a1,True,0.9667775722508194,1,0.97393399477005,a3a1,True,0.9971428513526917,15.822731800028123,0,0.0,
3750,2495,crushing kingsideAttack master middlegame pin short,64,36,h5h6,True,0.4433496553680783,1,0.9065304398536682,h5h6,True,0.9371428489685059,21.54855189996306,0,0.0,
3760,2779,advantage middlegame sacrifice veryLong,44,35,c1e3,False,0.16575123610804077,2,0.9191051721572876,c1e3,False,0.2085714340209961,13.86428880004678,0,0.0,
3770,2405,advantage middlegame sacrifice veryLong,41,48,d7a4,False,0.3004104754014767,2,0.9574459195137024,d6g3,True,0.9657142758369446,9.799946100101806,0,0.0,
3780,2614,crushing hangingPiece long middlegame,67,43,c3e1,True,0.7601217897246231,1,0.7709505558013916,c3e1,True,0.9842857122421265,7.853253599954769,0,0.0,
3790,2444,advancedPawn crushing endgame fork master pin sacrifice veryLong,68,40,g4g6,False,0.09211114784397187,2,0.9895333647727966,e6e7,True,0.9300000071525574,9.21542710007634,0,0.0,
3800,2605,advancedPawn bishopEndgame crushing endgame exposedKing sacrifice veryLong,95,7,f4f3,True,0.9937364802984984,1,0.9903485774993896,f4f3,True,0.9985714554786682,10.19451229996048,0,0.0,
3810,2522,clearance crushing fork long middlegame,60,38,e1e5,False,0.19031904271774086,2,0.7150872349739075,d3f5,True,0.9557142853736877,10.578313900041394,0,0.0,
3820,2481,crushing middlegame sacrifice veryLong,46,37,e5c4,False,0.0014600821814385542,10,0.6514520645141602,e5c4,False,0.0,10.617953500011936,0,0.0,
3830,2398,advancedPawn crushing discoveredAttack discoveredCheck endgame exposedKing long quietMove sacrifice,55,41,f8f1,False,0.007499879773615791,4,0.9957661628723145,a7a6,False,0.0,8.4553886000067,0,0.0,
3840,2410,crushing deflection endgame veryLong,78,30,b1a1,False,9.014689236240876e-06,30,0.9395427107810974,b1a1,False,0.0,26.189254899974912,0,0.0,
3850,2752,crushing middlegame quietMove skewer veryLong,60,45,b3c5,False,0.0006525581854845592,6,0.9802389740943909,a1a2,False,0.0,28.118050800054334,0,0.0,
3860,2385,crushing defensiveMove long middlegame sacrifice,24,41,b3b7,True,0.8189299664955387,1,0.6455622315406799,b3b7,True,0.9342857003211975,15.946818699943833,0,0.0,
3870,2351,advantage fork long middlegame,53,40,f2g2,True,0.7309952915207508,1,0.9127030968666077,f2g2,True,0.9685714244842529,9.518992900033481,0,0.0,
3880,2393,attraction crushing kingsideAttack long middlegame sacrifice,46,51,h1h7,True,0.8557345498893091,1,0.9168108105659485,h1h7,True,0.9871428608894348,19.698422700050287,0,0.0,
3890,2670,crushing discoveredAttack discoveredCheck endgame exposedKing fork veryLong,52,32,h7c7,True,0.9992832233971702,1,0.9363359212875366,h7c7,True,0.9985714554786682,7.224830099963583,0,0.0,
3900,2779,advancedPawn advantage defensiveMove endgame pin veryLong,64,38,d5d6,True,0.9008944237150568,1,0.9467236399650574,d5d6,True,0.9942857027053833,7.325075400061905,0,0.0,
3910,2531,crushing fork hangingPiece middlegame veryLong,39,39,d4c2,False,0.024259017282681577,3,0.9704148173332214,f3h1,True,0.7714285850524902,9.150301199988462,0,0.0,
3920,2568,attraction crushing deflection exposedKing master middlegame sacrifice veryLong,54,50,f6d5,False,0.0013666767989019906,27,0.9652163982391357,e8c8,False,0.0,13.147829900030047,0,0.0,
3930,2624,advantage hangingPiece middlegame pin short,51,40,d4d1,False,0.012897200139626664,5,0.9485486745834351,b7c6,True,0.39714285731315613,12.714845000067726,0,0.0,
3940,2559,advancedPawn advantage discoveredAttack discoveredCheck endgame exposedKing fork master promotion veryLong,97,13,e3e2,True,0.7529429459563796,1,0.4791002869606018,e3e2,True,0.9885714054107666,10.635388600057922,0,0.0,
3950,2760,advantage discoveredAttack kingsideAttack long middlegame sacrifice,41,45,e5f3,True,0.999540134201906,1,0.8822927474975586,e5f3,True,0.9985714554786682,8.337491699960083,0,0.0,
3960,2392,deflection mate mateIn5 middlegame pin sacrifice veryLong,49,39,e5d3,False,0.34689314175627234,2,0.9186646342277527,e5g4,True,0.8914285898208618,7.457676699967124,0,0.0,
3970,2611,advantage deflection endgame long,88,36,e8h8,False,0.2648905405503647,2,0.9987379312515259,e8h8,False,0.44999998807907104,4.531367700081319,0,0.0,
3980,2434,crushing middlegame pin short,35,34,a8c8,False,0.07800791106001942,5,0.95884108543396,d8g5,True,0.8600000143051147,4.56049200007692,0,0.0,
3990,2379,advantage hangingPiece long middlegame,53,49,f2f1,False,0.013150031959035094,7,0.9596116542816162,f5e4,True,0.46000000834465027,4.050573699991219,0,0.0,
4000,2430,crushing fork master middlegame sacrifice short,37,43,d4c2,True,0.5359947483783882,1,0.97362220287323,d4c2,True,0.954285740852356,21.237273700069636,0,0.0,
4010,2477,crushing discoveredAttack fork middlegame sacrifice veryLong,44,40,f7e6,False,0.18590425783654013,2,0.9806573987007141,e4d6,True,0.9685714244842529,13.41504510003142,0,0.0,
4020,2735,crushing defensiveMove deflection fork middlegame skewer veryLong,49,38,f1c4,False,0.029709893009855926,4,0.8075832724571228,f5d4,True,0.8371428847312927,18.24402719992213,0,0.0,
4030,2394,attraction crushing kingsideAttack middlegame sacrifice veryLong,36,47,d3h7,True,0.9422354971384075,1,0.9074102640151978,d3h7,True,0.977142870426178,11.148446000064723,0,0.0,
4040,2399,crushing endgame long pin,73,33,b2f2,False,0.0007467936392170061,6,0.9009157419204712,d6g3,False,0.0,16.080123800085858,0,0.0,
4050,2797,crushing middlegame sacrifice short,57,37,h3f2,False,0.014830741627739601,2,0.8861268758773804,h3f2,False,0.0014285714132711291,9.145495799952187,0,0.0,
4060,2370,crushing deflection endgame exposedKing veryLong,64,31,f8d8,True,0.6035224824411306,1,0.9956302642822266,f8d8,True,0.7300000190734863,7.718674600007944,0,0.0,
4070,2529,advantage attraction kingsideAttack middlegame pin veryLong,33,46,d3f1,False,0.032522753131593155,2,0.953188955783844,a8e8,True,0.7757142782211304,12.162865199963562,0,0.0,
4080,2516,attraction crushing endgame long queensideAttack sacrifice,50,35,b3b7,False,0.16963533301641034,2,0.9956271052360535,c1c7,True,0.949999988079071,5.9864518999820575,0,0.0,
4090,2359,advantage long middlegame queensideAttack sacrifice,51,34,d5c3,True,0.9982984670627135,1,0.9628769159317017,d5c3,True,0.9985714554786682,4.610044499975629,0,0.0,
4100,2445,advantage hangingPiece middlegame veryLong,32,38,e2e4,True,0.8936827250065075,1,0.5757031440734863,e2e4,True,0.9871428608894348,12.178807800053619,0,0.0,
4110,2748,advantage clearance long middlegame pin,63,37,d4d1,True,0.8177897311979211,1,0.9301698207855225,c5c4,False,0.3214285671710968,8.3693022999214,0,0.0,
4120,2457,crushing hangingPiece middlegame quietMove veryLong,47,39,b7f3,True,0.9943007966425953,1,0.39518049359321594,b7f3,True,0.9985714554786682,8.214553700061515,0,0.0,
4130,2399,crushing long middlegame pin,43,2,b8e8,True,0.9836739375398922,1,0.6267012357711792,b8e8,True,0.9985714554786682,4.856098599964753,0,0.0,
4140,2484,advantage kingsideAttack long middlegame sacrifice,33,45,h6c1,False,0.16994208598349858,2,0.9255504012107849,h6e3,False,0.09428571164608002,5.855048299999908,0,0.0,
4150,2791,advantage exposedKing fork middlegame veryLong,38,36,g4e6,False,0.029879596516216154,3,0.8205509781837463,g5f6,True,0.8385714292526245,3.995825199992396,0,0.0,
4160,2413,advantage long middlegame pin,47,2,d7d8,False,0.49061456307999435,2,0.10054616630077362,e8e6,True,0.9814285635948181,19.872669800068252,0,0.0,
4170,2768,attraction crushing deflection middlegame veryLong,60,36,e6e7,False,0.0005572839684127811,10,0.8716939091682434,e6e7,False,0.0,21.864728100015782,0,0.0,
4180,2670,advantage middlegame sacrifice veryLong,73,33,d6e7,False,0.16343937630115213,2,0.9723044037818909,d6e7,False,0.03142857179045677,19.065887999953702,0,0.0,
4190,2371,advancedPawn crushing endgame long quietMove sacrifice,94,10,d3e1,False,0.010982077837995412,8,0.8938028216362,d3b4,False,0.0014285714132711291,12.805157099966891,0,0.0,
4200,2384,advancedPawn crushing endgame fork veryLong,69,30,b6c4,True,0.9028530582990137,1,0.8571458458900452,b6c4,True,0.9957143068313599,10.938055100035854,0,0.0,
4210,2446,attraction crushing exposedKing middlegame veryLong,36,50,e6g5,False,0.012796757572823888,3,0.8755263686180115,e6g7,False,0.25999999046325684,8.42016280000098,0,0.0,
4220,2361,attraction crushing kingsideAttack middlegame pin sacrifice veryLong,34,54,d3h7,False,0.009109263648672643,4,0.58237624168396,d3h7,False,0.0,8.600404600030743,0,0.0,
4230,2451,advancedPawn crushing deflection endgame pawnEndgame quietMove veryLong zugzwang,85,8,e6e7,False,0.03800121103822552,8,0.9443457722663879,e6e7,False,0.0014285714132711291,16.70627920003608,0,0.0,
4240,2704,advantage attraction middlegame sacrifice veryLong,80,30,c5f8,False,0.0016298288413836427,7,0.9159514904022217,a4a5,False,0.0,14.53531569999177,0,0.0,
4250,2747,advantage attraction long middlegame sacrifice,46,40,g1g6,True,0.7557363258513917,1,0.7628481984138489,g1g6,True,0.9785714149475098,12.517962099984288,0,0.0,
4260,2667,advancedPawn crushing endgame hangingPiece veryLong,75,34,h3g2,False,0.00012357791341855462,4,0.9965328574180603,h3g2,False,0.0,3.854609400033951,0,0.0,
4270,2783,crushing defensiveMove fork middlegame sacrifice veryLong,46,46,f3f7,True,0.8545410448162644,1,0.9468147158622742,f3f7,True,0.9642857313156128,7.813256800058298,0,0.0,
4280,2593,advantage doubleCheck long middlegame,35,44,f5e3,False,0.022943081717958797,4,0.8392300605773926,f5e3,False,0.041428569704294205,6.26122970005963,0,0.0,
4290,2429,advantage defensiveMove endgame pin short,69,21,f5f3,False,0.014437713938493977,3,0.9110673666000366,f5f3,False,0.0014285714132711291,5.465292799985036,0,0.0,
4300,2429,advancedPawn attraction crushing endgame exposedKing pin sacrifice skewer veryLong,82,24,e6e7,True,0.7673269835890013,1,0.9811848402023315,c8c5,False,0.4814285635948181,3.896683600032702,0,0.0,
4310,2447,attraction collinearMove crushing discoveredAttack discoveredCheck opening sacrifice veryLong,26,42,c1a3,True,0.635624109210285,1,0.9859967231750488,c1a3,True,0.9485714435577393,4.650401699938811,0,0.0,
4320,2428,advantage discoveredCheck doubleCheck exposedKing long middlegame sacrifice,29,41,e5f3,False,0.04549454681196269,3,0.7997204661369324,f6d5,True,0.6742857098579407,17.78310080000665,0,0.0,
4330,2526,crushing middlegame pin quietMove veryLong,42,37,h5f7,False,0.0016867353124829232,8,0.9619868397712708,f1f3,False,0.0,19.19260980002582,0,0.0,
4340,2561,advantage endgame long pin sacrifice,70,32,g2g7,False,0.046599916067524026,2,0.8823069930076599,g2g7,False,0.0014285714132711291,24.46236260002479,0,0.0,
4350,2569,advancedPawn advantage endgame quietMove sacrifice short,87,19,g4f3,False,0.0008883906017657365,3,0.8992400169372559,d4d3,False,0.0,15.126309099956416,0,0.0,
4360,2453,advantage long middlegame sacrifice,62,40,g7g8,False,0.12688040813827728,2,0.999661922454834,c3b4,True,0.927142858505249,6.710148999933153,0,0.0,
4370,2474,attraction crushing kingsideAttack long middlegame sacrifice,42,52,f3g5,False,0.0272427843867066,5,0.9138349890708923,f3g5,False,0.011428571306169033,10.756492599961348,0,0.0,
4380,2430,crushing discoveredAttack middlegame short,57,34,e5f3,True,0.9993809383928639,1,0.8867253065109253,e5f3,True,0.9985714554786682,11.189764399896376,0,0.0,
4390,2467,crushing fork long middlegame pin,62,39,f6g6,True,0.6333271850359333,1,0.8569644689559937,f6g6,True,0.8728571534156799,9.554664100054651,0,0.0,
4400,2658,advantage middlegame sacrifice trappedPiece veryLong,47,39,d6a6,False,0.08209318871130433,3,0.6963284015655518,d6f6,True,0.8985714316368103,8.89505580009427,0,0.0,
4410,2691,advantage attraction middlegame sacrifice veryLong xRayAttack,28,41,f3g4,True,0.41711941174018546,1,0.920626163482666,f3g4,True,0.8928571343421936,12.260402400046587,0,0.0,
4420,2354,clearance crushing kingsideAttack middlegame skewer veryLong,46,41,f6g6,False,0.20472522324288164,2,0.9573922157287598,f6h6,True,0.9557142853736877,6.798377600032836,0,0.0,
4430,2560,advantage attraction endgame veryLong,69,32,e3d3,False,0.05693484782669553,2,0.9756280779838562,e3e2,True,0.9285714030265808,9.19224150001537,0,0.0,
4440,2645,advantage middlegame quietMove skewer veryLong,36,31,g5g8,True,0.9934227899564955,1,0.8812400698661804,g5g8,True,0.9985714554786682,4.985846699913964,0,0.0,
4450,2578,advantage hangingPiece long opening,25,35,d8d1,False,0.10475359197812548,2,0.7372744679450989,f6e4,True,0.8600000143051147,4.284907299908809,0,0.0,
4460,2386,advantage fork middlegame veryLong,49,30,f8f7,False,0.10513342721554993,2,0.6547849774360657,f6h4,True,0.8657143115997314,5.18582959997002,0,0.0,
4470,2594,advantage endgame exposedKing fork long,69,27,h7h3,True,0.3391138489725324,1,0.8401969075202942,h7h3,True,0.46857142448425293,5.3405770000535995,0,0.0,
4480,2375,crushing fork long middlegame,50,46,e5d7,True,0.954444148724234,1,0.9353102445602417,e5d7,True,0.9971428513526917,16.103164199972525,0,0.0,
4490,2754,advantage deflection endgame pin veryLong,41,28,b7b1,False,0.036228443342394785,2,0.9620792269706726,b7b1,False,0.08428571373224258,22.785150700015947,0,0.0,
4500,2551,advantage clearance endgame long pin,79,36,e3e2,False,0.006213093315518328,7,0.9155492782592773,e4g4,False,0.0,15.868817700073123,0,0.0,
4510,2359,attraction crushing long middlegame sacrifice,44,42,h6g7,False,0.08295110441493576,3,0.9505674839019775,h8h7,False,0.261428564786911,17.239040600019507,0,0.0,
4520,2398,advantage defensiveMove fork long middlegame pin,43,51,h4f2,True,0.9939485743625991,1,0.9682903289794922,h4f2,True,0.9985714554786682,5.856527000083588,0,0.0,
4530,2620,crushing deflection fork long opening,16,26,f3e5,True,0.5163667504254738,1,0.2719475328922272,f3e5,True,0.9385714530944824,6.719797599944286,0,0.0,
4540,2530,advantage middlegame pin short,23,48,c8h3,True,0.6232199179105542,1,0.9214513897895813,c8h3,True,0.6385714411735535,13.2264245999977,0,0.0,
4550,2565,advantage fork middlegame quietMove veryLong,30,50,c4f7,False,0.005473482801183004,9,0.6620240211486816,g2g3,False,0.0,13.312797399936244,0,0.0,
4560,2691,advantage long middlegame sacrifice,28,38,d3h7,False,0.08738874862193793,2,0.9233580231666565,g5f6,True,0.9599999785423279,6.715680900029838,0,0.0,
4570,2582,crushing endgame long master trappedPiece,98,16,b6b7,False,0.2728403812062822,2,0.8569855093955994,b4b5,True,0.9671428799629211,10.6526175000472,0,0.0,
4580,2778,advantage attraction deflection endgame fork sacrifice veryLong,65,39,f5f2,False,0.11292809137034622,2,0.9916895031929016,e5h2,True,0.9200000166893005,7.667805799981579,0,0.0,
4590,2363,crushing defensiveMove endgame master pin short,64,5,h4h3,False,0.3388864742779472,2,0.9764741063117981,h4h3,False,0.24285714328289032,7.579458399908617,0,0.0,
4600,2478,crushing hangingPiece middlegame short,59,39,b8b2,False,0.07453164154886548,4,0.8415087461471558,d8d1,False,0.012857142835855484,3.3818997000344098,0,0.0,
4610,2751,crushing deflection middlegame veryLong,95,54,f2h3,False,0.22516997616784898,2,0.9644988179206848,c1f1,True,0.949999988079071,4.374218599987216,0,0.0,
4620,2489,advantage attraction long middlegame sacrifice,60,40,d1d7,False,0.1364016265396511,3,0.9266894459724426,b2a2,True,0.9100000262260437,3.050267399987206,0,0.0,
4630,2512,attraction crushing deflection fork middlegame veryLong,53,36,c2c1,False,0.3696428530521723,2,0.9153030514717102,c2g2,True,0.954285740852356,2.3630777000216767,0,0.0,
4640,2444,crushing long master middlegame pin,98,40,g6f7,False,0.14113661731185728,3,0.9101912379264832,g6f7,False,0.012857142835855484,27.236780300037935,0,0.0,
4650,2501,exposedKing long mate mateIn3 middlegame,41,36,a8g8,False,0.0011323996458656165,4,0.9661164283752441,a8g8,False,0.0,29.24574499996379,0,0.0,
4660,2712,advantage discoveredAttack discoveredCheck middlegame pin veryLong,52,46,a2e6,False,0.024409291262777348,6,0.9841039180755615,h8h7,False,0.30714285373687744,19.632257399964146,0,0.0,
4670,2639,crushing defensiveMove middlegame pin quietMove veryLong,83,33,h6h2,False,0.0006046296099231241,8,0.9830741286277771,d4d3,False,0.0,17.14040539995767,0,0.0,
4680,2428,advantage hangingPiece long middlegame,61,42,a3b3,False,0.0007149084138617015,9,0.9795968532562256,a3b3,False,0.0,9.809642300009727,0,0.0,
4690,2455,advantage fork long opening pin,21,45,f2h3,True,0.9360044867507902,1,0.9711483120918274,f2h3,True,0.8557142615318298,11.798193700029515,0,0.0,
4700,2779,advancedPawn attraction crushing deflection kingsideAttack middlegame sacrifice veryLong,44,39,h6g7,True,0.45024745568124575,1,0.5803618431091309,h6e3,False,0.10000000149011612,11.149320099968463,0,0.0,
4710,2389,advantage defensiveMove middlegame pin veryLong,53,40,f1e1,False,0.010672519461956942,5,0.9468480348587036,f1e1,False,0.0014285714132711291,10.072642300045118,0,0.0,
4720,2408,advantage deflection endgame long sacrifice,59,26,f7f4,True,0.93733689758049,1,0.7815923690795898,f7f4,True,0.9957143068313599,12.131171600078233,0,0.0,
4730,2797,advantage defensiveMove deflection exposedKing fork middlegame veryLong,74,37,h5e8,False,0.43552969626347304,2,0.971795380115509,h5h7,True,0.8257142901420593,4.52992090000771,0,0.0,
4740,2558,advantage discoveredAttack discoveredCheck middlegame short,75,33,g7e5,False,0.023551070407538295,4,0.9190332293510437,d4f5,False,0.25,9.425346099887975,0,0.0,
4750,2446,endgame long mate mateIn3,55,39,c2e3,False,0.002280591079870005,7,0.9900329113006592,c3e1,False,0.0,5.549579499987885,0,0.0,
4760,2783,advantage attraction clearance defensiveMove middlegame sacrifice veryLong,32,42,c2h7,True,0.47844608360135943,1,0.8607110977172852,c2h7,True,0.5342857241630554,4.951431299909018,0,0.0,
4770,2362,attraction crushing intermezzo kingsideAttack long middlegame pin sacrifice,49,39,h3g3,False,0.17017726721837345,2,0.9666127562522888,h3f1,True,0.9657142758369446,3.2928143000463024,0,0.0,
4780,2632,advantage capturingDefender long middlegame pin,50,40,g5e6,False,0.0210462109766782,6,0.7243171334266663,g5f7,True,0.7200000286102295,5.033554999972694,0,0.0,
4790,2385,crushing master middlegame pin short,35,56,e5f3,False,0.09449650738230135,2,0.8541753888130188,g5g3,True,0.9214285612106323,2.9642341000726447,0,0.0,
4800,2355,advancedPawn attraction crushing middlegame queensideAttack short,53,37,a3b2,True,0.9943216688235585,1,0.8821821212768555,a3b2,True,0.9985714554786682,27.67079439992085,0,0.0,
4810,2532,advantage fork opening sacrifice veryLong,20,37,f3d4,True,0.5121488043055549,1,0.5693514347076416,f3d4,True,0.9757142663002014,15.344584600068629,0,0.0,
4820,2489,advantage attackingF2F7 attraction fork middlegame pin veryLong,38,39,e4d6,False,0.0008773976344996515,7,0.553244411945343,e4d6,False,0.0,19.059871100005694,0,0.0,
4830,2528,crushing long middlegame sacrifice,40,39,c3d5,True,0.48128941362412586,1,0.9240743517875671,c3d5,True,0.49714285135269165,8.645467099966481,0,0.0,
4840,2431,crushing endgame fork veryLong,133,23,b1c2,True,0.6840081242599539,1,0.9750462174415588,b1c2,True,0.9857142567634583,6.299395800102502,0,0.0,
4850,2385,crushing deflection endgame master short,44,37,g3b8,True,0.9495704526884396,1,0.9838491082191467,g3b8,True,0.9728571176528931,8.469418699969538,0,0.0,
4860,2460,advantage clearance master middlegame sacrifice veryLong,30,39,b5d6,False,0.011362444966425637,7,0.7825310230255127,b5d6,False,0.044285714626312256,13.149180100066587,0,0.0,
4870,2637,crushing defensiveMove endgame hangingPiece quietMove veryLong,97,6,g7g6,True,0.8599561053222771,1,0.6128424406051636,g7g6,True,0.8199999928474426,11.890904000028968,0,0.0,
4880,2773,advantage exposedKing fork middlegame veryLong,75,34,h3h2,True,0.7345323074950252,1,0.9911085963249207,h3h2,True,0.8571428656578064,9.795799999963492,0,0.0,
4890,2366,crushing discoveredAttack discoveredCheck kingsideAttack long middlegame sacrifice,43,47,f4h3,True,0.8789299195097422,1,0.7518278360366821,f4h3,True,0.9942857027053833,1.880593299982138,0,0.0,
4900,2690,crushing master middlegame pin quietMove sacrifice veryLong,54,48,b2e5,False,0.018558419032820014,3,0.993777334690094,b2e5,False,0.019999999552965164,10.076737999916077,0,0.0,
4910,2784,advantage defensiveMove endgame fork veryLong,70,33,h4h7,False,0.027123671654759873,2,0.9954148530960083,f3e4,True,0.8028571605682373,5.344282999983989,0,0.0,
4920,2695,advantage fork middlegame veryLong,52,46,f1f7,True,0.8964860856350286,1,0.8347986936569214,f1f7,True,0.9942857027053833,3.916287099942565,0,0.0,
4930,2738,crushing fork middlegame pin sacrifice veryLong,36,51,d5f6,False,0.001451539572550348,9,0.6453557014465332,f2f4,False,0.0,4.676121899974532,0,0.0,
4940,2516,advantage fork long middlegame sacrifice,20,5,f1f3,True,0.32352180221185967,1,0.2441558986902237,g2f3,False,0.04285714402794838,4.9399225999368355,0,0.0,
4950,2540,advantage fork long middlegame,48,45,g6h7,False,0.0015578135501708485,5,0.9831165671348572,g6h7,False,0.0,3.714764400036074,0,0.0,
4960,2783,crushing fork middlegame veryLong,55,34,h7h3,False,0.21390428930579866,2,0.7585500478744507,e6h3,True,0.9714285731315613,15.298087399918586,0,0.0,
4970,2697,advancedPawn crushing defensiveMove middlegame pin veryLong,45,35,d8b6,False,0.10635847296109104,3,0.8683288097381592,d3d2,True,0.7214285731315613,19.03759900003206,0,0.0,
4980,2497,clearance crushing long middlegame sacrifice,23,46,h8h1,False,2.0128331786400265e-05,29,0.9822976589202881,h8h1,False,0.0,14.48621020000428,0,0.0,
4990,2587,advancedPawn crushing endgame exposedKing master sacrifice veryLong,68,33,h7h8,False,7.530898842510556e-05,16,0.9939394593238831,h7h8,False,0.0,4.524448500014842,0,0.0,
